Date,Sun,Moon,Mercury,Venus,Mars,Jupiter,Saturn,Uranus,Neptune,Pluto,True Node
01.01.2028,280.07705731,325.64189469,291.61109460,315.00648847,297.91114754,177.30711490,21.07850037,66.69407878,3.93224111,305.96512885,302.40892639
02.01.2028,281.09648682,337.42390281,293.22004883,316.23004978,298.69375275,177.34147321,21.09407250,66.66121137,3.94211572,305.99418497,302.43836267
03.01.2028,282.11587256,349.25392157,294.82603926,317.45280982,299.47681667,177.37270048,21.11148577,66.62890854,3.95255369,306.02342306,302.46670831
04.01.2028,283.13520109,1.20821763,296.42740291,318.67473753,300.26032556,177.40078904,21.13073822,66.59718854,3.96355627,306.05283959,302.48722675
05.01.2028,284.15446106,13.36740726,298.02213607,319.89580224,301.04426685,177.42573320,21.15182777,66.56606980,3.97512515,306.08243168,302.49527145
06.01.2028,285.17364367,25.81165143,299.60783955,321.11597332,301.82862904,177.44752872,21.17475176,66.53557053,3.98726207,306.11219674,302.48898072
07.01.2028,286.19274219,38.61406332,301.18165622,322.33522009,302.61340119,177.46617237,21.19950656,66.50570819,3.99996830,306.14213194,302.46947181
08.01.2028,287.21175187,51.83219223,302.74020120,323.55351136,303.39857242,177.48166102,21.22608677,66.47649871,4.01324392,306.17223343,302.44046786
09.01.2028,288.23066921,65.49806000,304.27948422,324.77081477,304.18413103,177.49399020,21.25448409,66.44795517,4.02708649,306.20249515,302.40740006
10.01.2028,289.24949120,79.60828307,305.79482539,325.98709627,304.97006337,177.50315244,21.28468601,66.42008638,4.04148976,306.23290734,302.37616472
11.01.2028,290.26821500,94.11703397,307.28076673,327.20232035,305.75635360,177.50913630,21.31667536,66.39289636,4.05644303,306.26345602,302.35180690
12.01.2028,291.28683883,108.93521947,308.73098277,328.41645197,306.54298482,177.51192722,21.35043175,66.36638549,4.07193240,306.29412410,302.33742634
13.01.2028,292.30536396,123.93833415,310.13819439,329.62945985,307.32994192,177.51151031,21.38593482,66.34055378,4.08794385,306.32489442,302.33361074
14.01.2028,293.32379653,138.98267200,311.49409082,330.84131969,308.11721458,177.50787412,21.42316822,66.31540476,4.10446712,306.35575353,302.33856303
15.01.2028,294.34214777,153.92609622,312.78926666,332.05201548,308.90479894,177.50101343,21.46212220,66.29094819,4.12149822,306.38669418,302.34883094
16.01.2028,295.36043178,168.64748568,314.01318455,333.26153770,309.69269643,177.49092970,21.50279348,66.26720009,4.13903936,306.41771519,302.36044648
17.01.2028,296.37866146,183.05971233,315.15417900,334.46987897,310.48091042,177.47762907,21.54518249,66.24418020,4.15709633,306.44881886,302.37001178
18.01.2028,297.39684437,197.11396798,316.19952132,335.67702916,311.26944217,177.46111944,21.58928952,66.22190834,4.17567484,306.48000736,302.37557147
19.01.2028,298.41498019,210.79650894,317.13556838,336.88297184,312.05828793,177.44140807,21.63511179,66.20040157,4.19477772,306.51127996,302.37682300
20.01.2028,299.43306025,224.12077554,317.94801859,338.08768290,312.84743805,177.41850089,21.68264215,66.17967297,4.21440374,306.54263193,302.37487800
21.01.2028,300.45106881,237.11803696,318.62229679,339.29113095,313.63687756,177.39240298,21.73186938,66.15973197,4.23454801,306.57405492,302.37163779
22.01.2028,301.46898478,249.82885794,319.14408553,340.49327853,314.42658749,177.36311966,21.78277907,66.14058522,4.25520289,306.60553792,302.36900736
23.01.2028,302.48678343,262.29658627,319.50001297,341.69408328,315.21654609,177.33065747,21.83535457,66.12223749,4.27635899,306.63706821,302.36823138
24.01.2028,303.50443780,274.56321273,319.67849405,342.89349909,316.00672995,177.29502505,21.88957786,66.10469251,4.29800600,306.66863222,302.36951520
25.01.2028,304.52192006,286.66744114,319.67070125,344.09147713,316.79711509,177.25623401,21.94543040,66.08795376,4.32013357,306.70021642,302.37197732
26.01.2028,305.53920281,298.64457375,319.47161415,345.28796691,317.58767797,177.21429966,22.00289395,66.07202528,4.34273213,306.73180844,302.37390561
27.01.2028,306.55625996,310.52772182,319.08106057,346.48291699,318.37839624,177.16924157,22.06195120,66.05691219,4.36579343,306.76339804,302.37323546
28.01.2028,307.57306738,322.34983812,318.50463120,347.67627542,319.16924912,177.12108369,22.12258593,66.04262088,4.38931078,306.79497751,302.36813177
29.01.2028,308.58960310,334.14608968,317.75431919,348.86798983,319.96021745,177.06985419,22.18478299,66.02915887,4.41327895,306.82654105,302.35754688
30.01.2028,309.60584741,345.95612684,316.84873176,350.05800742,320.75128370,177.01558522,22.24852817,66.01653468,4.43769402,306.85808369,302.34163792
31.01.2028,310.62178287,357.82586799,315.81274690,351.24627490,321.54243182,176.95831254,22.31380799,66.00475749,4.46255311,306.88960101,302.32194665

February,,,,,,,,,,,
01.02.2028,311.63739407,9.80846215,314.67655598,352.43273817,322.33364695,176.89807510,22.38060931,65.99383682,4.48785401,306.92108913,302.30126989
02.02.2028,312.65266730,21.96412199,313.47413475,353.61734188,323.12491494,176.83491432,22.44891882,65.98378191,4.51359459,306.95254449,302.28319425
03.02.2028,313.66759014,34.35849396,312.24129897,354.80002891,323.91622189,176.76887348,22.51872251,65.97460111,4.53977228,306.98396340,302.27134105
04.02.2028,314.68215129,47.05918880,311.01359136,355.98073998,324.70755372,176.69999699,22.59000510,65.96630137,4.56638346,307.01534144,302.26845129
05.02.2028,315.69634036,60.13006825,309.82428261,357.15941327,325.49889576,176.62832965,22.66274946,65.95888753,4.59342283,307.04667281,302.27550775
06.02.2028,316.71014762,73.62301540,308.70273787,358.33598402,326.29023210,176.55391548,22.73693577,65.95236142,4.62088255,307.07794937,302.29112472
07.02.2028,317.72356381,87.56739115,307.67331276,359.51038440,327.08154501,176.47679646,22.81254066,65.94672089,4.64875123,307.10915966,302.31143070
08.02.2028,318.73658075,101.95837883,306.75483092,0.68254441,327.87281512,176.39701202,22.88953714,65.94195969,4.67701385,307.14028870,302.33060182
09.02.2028,319.74919333,116.74690473,305.96059267,1.85239478,328.66402325,176.31460012,22.96789636,65.93806901,4.70565326,307.17131950,302.34203898
10.02.2028,320.76140262,131.83524019,305.29879456,3.01987143,329.45515371,176.22960028,23.04759100,65.93504092,4.73465351,307.20223630,302.33997506
11.02.2028,321.77321840,147.08246752,304.77321212,4.18491974,330.24619761,176.14205713,23.12859916,65.93287213,4.76400355,307.23302817,302.32113082
12.02.2028,322.78465910,162.32152567,304.38400527,5.34749616,331.03715413,176.05202268,23.21090637,65.93156615,4.79369924,307.26369098,302.28594775
13.02.2028,323.79574830,177.38470575,304.12853545,6.50756582,331.82802831,175.95955591,23.29450457,65.93113247,4.82374235,307.29422636,302.23879182
14.02.2028,324.80650887,192.12997778,304.00212119,7.66509680,332.61882666,175.86472002,23.37938845,65.93158307,4.85413705,307.32463823,302.18717695
15.02.2028,325.81695734,206.45979644,303.99869230,8.82005378,333.40955221,175.76757896,23.46555102,65.93292829,4.88488572,307.35492865,302.14001544
16.02.2028,326.82710072,220.32784572,304.11132857,9.97239361,334.20020153,175.66819533,23.55298086,65.93517409,4.91598630,307.38509523,302.10545250
17.02.2028,327.83693643,233.73463966,304.33268424,11.12206386,334.99076443,175.56663026,23.64166154,65.93832168,4.94743192,307.41513084,302.08888193
18.02.2028,328.84645441,246.71640014,304.65530857,12.26900367,335.78122551,175.46294479,23.73157288,65.94236870,4.97921222,307.44502497,302.09170298
19.02.2028,329.85563960,259.33201808,305.07187692,13.41314542,336.57156617,175.35720144,23.82269261,65.94731083,5.01131498,307.47476543,302.11098194
20.02.2028,330.86447393,271.65134887,305.57534864,14.55441606,337.36176615,175.24946528,23.91499756,65.95314300,5.04372743,307.50433959,302.14000146
21.02.2028,331.87293773,283.74625713,306.15906794,15.69273801,338.15180450,175.13980449,24.00846442,65.95986007,5.07643689,307.53373516,302.16950925
22.02.2028,332.88101062,295.68458146,306.81682190,16.82802983,338.94166035,175.02829070,24.10307031,65.96745731,5.10943139,307.56294069,302.18936024
23.02.2028,333.88867243,307.52663746,307.54286764,17.96020679,339.73131353,174.91499940,24.19879328,65.97593098,5.14270014,307.59194612,302.19024277
24.02.2028,334.89590374,319.32376943,308.33193735,19.08918116,340.52074504,174.80001008,24.29561271,65.98527855,5.17623390,307.62074314,302.16524278
25.02.2028,335.90268623,331.11853235,309.17922835,20.21486218,341.30993723,174.68340608,24.39350929,65.99549882,5.21002500,307.64932516,302.11106198
26.02.2028,336.90900269,342.94617062,310.08038332,21.33715577,342.09887367,174.56527427,24.49246490,66.00659160,5.24406713,307.67768720,302.02874275
27.02.2028,337.91483701,354.83707170,311.03146464,22.45596422,342.88753904,174.44570454,24.59246232,66.01855752,5.27835509,307.70582553,301.92378002
28.02.2028,338.92017425,6.81982744,312.02892581,23.57118587,343.67591894,174.32478930,24.69348499,66.03139767,5.31288449,307.73373747,301.80554160
29.02.2028,339.92500041,18.92443860,313.06958151,24.68271458,344.46399959,174.20262283,24.79551655,66.04511315,5.34765131,307.76142087,301.68598782

March,,,,,,,,,,,
01.03.2028,340.92930214,31.18512173,314.15057760,25.79043913,345.25176732,174.07930036,24.89854022,66.05970441,5.38265122,307.78887346,301.57778769
02.03.2028,341.93306629,43.64212496,315.26936214,26.89424246,346.03920797,173.95491707,25.00253812,66.07517050,5.41787887,307.81609213,301.49206554
03.03.2028,342.93627971,56.34195373,316.42365800,27.99400116,346.82630642,173.82956727,25.10749066,66.09150846,5.45332729,307.84307231,301.43615318
04.03.2028,343.93892922,69.33540864,317.61143762,29.08958510,347.61304640,173.70334361,25.21337618,66.10871287,5.48898740,307.86980751,301.41181507
05.03.2028,344.94100177,82.67287949,318.83089968,30.18085735,348.39941024,173.57633634,25.32017052,66.12677541,5.52484762,307.89628885,301.41440511
06.03.2028,345.94248488,96.39649498,320.08044808,31.26767451,349.18537892,173.44863268,25.42784685,66.14568461,5.56089360,307.92250481,301.43328395
07.03.2028,346.94336794,110.52920376,321.35867345,32.34988812,349.97093295,173.32031686,25.53637625,66.16542630,5.59710866,307.94844165,301.45359658
08.03.2028,347.94364476,125.06194493,322.66433763,33.42734791,350.75605440,173.19147154,25.64572959,66.18598553,5.63347565,307.97408520,301.45922113
09.03.2028,348.94331706,139.94185071,323.99636075,34.49990645,351.54073020,173.06218056,25.75588070,66.20734957,5.66997993,307.99942377,301.43637399
10.03.2028,349.94239720,155.06635235,325.35380912,35.56742366,352.32495497,172.93253173,25.86680939,66.22951100,5.70661229,308.02445103,301.37703632
11.03.2028,350.94090813,170.28850493,326.73588228,36.62976876,353.10873167,172.80261820,25.97850256,66.25246889,5.74337008,308.04916711,301.28120959
12.03.2028,351.93887967,185.43589476,328.14189805,37.68681817,353.89206900,172.67253719,26.09095245,66.27622719,5.78025542,308.07357670,301.15730671
13.03.2028,352.93634219,200.33927793,329.57127694,38.73844988,354.67497654,172.54238680,26.20415254,66.30079089,5.81727131,308.09768528,301.02018740
14.03.2028,353.93332041,214.86143479,331.02352809,39.78453683,355.45745973,172.41226272,26.31809341,66.32616202,5.85441764,308.12149510,300.88756770
15.03.2028,354.92982975,228.91634946,332.49823875,40.82494180,356.23951710,172.28225655,26.43276039,66.35233750,5.89168900,308.14500313,300.77576936
16.03.2028,355.92587615,242.47422100,333.99506788,41.85951534,357.02114021,172.15245623,26.54813373,66.37930937,5.92907507,308.16820146,300.69597270
17.03.2028,356.92145821,255.55449487,335.51374228,42.88809590,357.80231542,172.02294797,26.66419045,66.40706662,5.96656252,308.19107927,300.65196434
18.03.2028,357.91656986,268.21259818,337.05405358,43.91051103,358.58302591,171.89381802,26.78090641,66.43559727,6.00413712,308.21362501,300.63967462
19.03.2028,358.91120245,280.52568046,338.61585477,44.92657825,359.36325294,171.76515374,26.89825765,66.46488962,6.04178511,308.23582772,300.64831205
20.03.2028,359.90534602,292.58043117,340.19905613,45.93610520,0.14297738,171.63704386,27.01622101,66.49493281,6.07949380,308.25767764,300.66262980
21.03.2028,0.89899001,304.46394355,341.80362076,46.93889008,0.92218356,171.50957844,27.13477436,66.52571707,6.11725184,308.27916647,300.66576212
22.03.2028,1.89212378,316.25740604,343.42956019,47.93472124,1.70086324,171.38284884,27.25389689,66.55723388,6.15504946,308.30028755,300.64212078
23.03.2028,2.88473698,328.03202633,345.07692962,48.92337704,2.47901125,171.25694763,27.37356917,66.58947610,6.19287861,308.32103602,300.57996065
24.03.2028,3.87681960,339.84668280,346.74582294,49.90462518,3.25661751,171.13196831,27.49377314,66.62243788,6.23073248,308.34140867,300.47332677
25.03.2028,4.86836178,351.74703962,348.43636712,50.87822175,4.03366771,171.00800484,27.61449176,66.65611432,6.26860198,308.36140371,300.32316198
26.03.2028,5.85935363,3.76607646,350.14871627,51.84391017,4.81014756,170.88515111,27.73570874,66.69050117,6.30645936,308.38102040,300.13740960
27.03.2028,6.84978511,15.92604357,351.88304491,52.80142005,5.58604423,170.76350029,27.85740813,66.72559443,6.34428811,308.40025872,299.93002420
28.03.2028,7.83964573,28.24173556,353.63954033,53.75046595,6.36134573,170.64314411,27.97957381,66.76138973,6.38215994,308.41911874,299.71892698
29.03.2028,8.82892418,40.72470218,355.41839371,54.69074599,7.13603996,170.52417176,28.10218878,66.79788163,6.42005235,308.43759993,299.52311315
30.03.2028,9.81760798,53.38768496,357.21978973,55.62194054,7.91011371,170.40666884,28.22523431,66.83506276,6.45793750,308.45570030,299.35931586
31.03.2028,10.80568338,66.24831666,359.04389488,56.54371130,8.68355221,170.29071650,28.34868946,66.87292322,6.49580348,308.47341578,299.23880377

April,,,,,,,,,,,
01.04.2028,11.79313572,79.33103501,0.89084405,57.45570088,9.45633907,170.17639093,28.47253091,66.91145041,6.53363907,308.49074007,299.16496645
02.04.2028,12.77995027,92.66626346,2.76072523,58.35753301,10.22845671,170.06376332,28.59673320,66.95062919,6.57143103,308.50766470,299.13226651
03.04.2028,13.76611345,106.28617194,4.65356189,59.24881338,10.99988716,169.95290013,28.72126935,66.99044249,6.60916433,308.52417964,299.12691480
04.04.2028,14.75161478,120.21677270,6.56929277,60.12913151,11.77061355,169.84386403,28.84611212,67.03087246,6.64682329,308.54027437,299.12931336
05.04.2028,15.73644949,134.46686998,8.50774912,60.99806382,12.54062228,169.73671565,28.97123592,67.07190242,6.68439356,308.55593976,299.11795649
06.04.2028,16.72062149,149.01568091,10.46862842,61.85517755,13.30990556,169.63151580,29.09661929,67.11351923,6.72186439,308.57117028,299.07406516
07.04.2028,17.70414532,163.80268419,12.45146355,62.70003431,14.07846313,169.52832731,29.22224654,67.15571504,6.75923037,308.58596566,298.98596780
08.04.2028,18.68704567,178.72461530,14.45558607,63.53219157,14.84630203,169.42721526,29.34810778,67.19848732,6.79649129,308.60033075,298.85198249
09.04.2028,19.66935403,193.64383598,16.48008355,64.35120089,15.61343373,169.32824526,29.47419647,67.24183661,6.83364989,308.61427319,298.68099473
10.04.2028,20.65110318,208.40838334,18.52375269,65.15660340,16.37986975,169.23148036,29.60050568,67.28576288,6.87070814,308.62779975,298.49031699
11.04.2028,21.63232190,222.87823806,20.58505220,65.94792400,17.14561746,169.13697852,29.72702467,67.33026236,6.90766400,308.64091310,298.30139747
12.04.2028,22.61303172,236.94877563,22.66208661,66.72466636,17.91067804,169.04479165,29.85373734,67.37532607,6.94451006,308.65361055,298.13471931
13.04.2028,23.59324649,250.56401465,24.75248587,67.48630984,18.67504680,168.95496669,29.98062298,67.42094067,6.98123444,308.66588500,298.00520939
14.04.2028,24.57297401,263.71774801,26.85343192,68.23230807,19.43871519,168.86754772,30.10765837,67.46709059,7.01782295,308.67772718,297.91934914
15.04.2028,25.55221821,276.44566404,28.96169739,68.96208847,20.20167298,168.78257797,30.23481984,67.51376006,7.05426130,308.68912784,297.87440576
16.04.2028,26.53098088,288.81338786,31.07355268,69.67505172,20.96390982,168.70010082,30.36208459,67.56093448,7.09053640,308.70007915,297.85954931
17.04.2028,27.50926266,300.90440339,33.18481656,70.37057106,21.72541591,168.62016010,30.48943095,67.60860076,7.12663687,308.71057514,297.85831443
18.04.2028,28.48706354,312.80986762,35.29089349,71.04799156,22.48618225,168.54279978,30.61683784,67.65674740,7.16255305,308.72061176,297.85178660
19.04.2028,29.46438317,324.62076101,37.38683435,71.70662941,23.24620066,168.46806385,30.74428354,67.70536436,7.19827689,308.73018674,297.82193848
20.04.2028,30.44122094,336.42201668,39.46741942,72.34577126,24.00546386,168.39599604,30.87174619,67.75444295,7.23380190,308.73929953,297.75464701
21.04.2028,31.41757588,348.28809856,41.52725985,72.96467332,24.76396521,168.32663954,30.99921270,67.80397562,7.26912290,308.74795106,297.64202985
22.04.2028,32.39344642,0.27968732,43.56091091,73.56256026,25.52169849,168.26003665,31.12668055,67.85395565,7.30423572,308.75614344,297.48382086
23.04.2028,33.36882993,12.44146475,45.56298999,74.13862406,26.27865754,168.19622828,31.25413807,67.90437674,7.33913685,308.76387961,297.28757619
24.04.2028,34.34372241,24.80128690,47.52828783,74.69202280,27.03483579,168.13525343,31.38156578,67.95523257,7.37382295,308.77116286,297.06760957
25.04.2028,35.31811785,37.37116123,49.45186749,75.22187957,27.79022574,168.07714834,31.50894496,68.00651607,7.40829020,308.77799614,296.84272389
26.04.2028,36.29200771,50.15027952,51.32914203,75.72728162,28.54481816,168.02194545,31.63625739,68.05821855,7.44253342,308.78438122,296.63302293
27.04.2028,37.26538049,63.12986265,53.15592762,76.20728032,29.29860150,167.96967232,31.76348344,68.11032879,7.47654518,308.79031779,296.45630180
28.04.2028,38.23822191,76.29893918,54.92847119,76.66089252,30.05156168,167.92035100,31.89060096,68.16283263,7.51031537,308.79580296,296.32466708
29.04.2028,39.21051585,89.64963685,56.64345403,77.08710374,30.80368263,167.87399799,32.01758543,68.21571311,7.54383135,308.80083143,296.24207129
30.04.2028,40.18224608,103.18041630,58.29797510,77.48487332,31.55494751,167.83062504,32.14441080,68.26895140,7.57707888,308.80539636,296.20333044

May,,,,,,,,,,,
01.05.2028,41.15339855,116.89600657,59.88951844,77.85314161,32.30534047,167.79024047,32.27105098,68.32252823,7.61004347,308.80949069,296.19493703
02.05.2028,42.12396392,130.80349843,61.41590979,78.19083877,33.05484870,167.75285087,32.39748159,68.37642568,7.64271215,308.81310886,296.19763118
03.05.2028,43.09393996,144.90497252,62.87526735,78.49689513,33.80346433,167.71846292,32.52368171,68.43062885,7.67507506,308.81624837,296.19031872
04.05.2028,44.06333344,159.18809552,64.26595048,78.77025254,34.55118590,167.68708479,32.64963520,68.48512721,7.70712676,308.81891105,296.15459415
05.05.2028,45.03216064,173.61721328,65.58650956,79.00987596,35.29801860,167.65872667,32.77533083,68.53991483,7.73886637,308.82110316,296.07880007
06.05.2028,46.00044601,188.12828919,66.83563901,79.21476446,36.04397290,167.63339993,32.90076110,68.59498919,7.77029630,308.82283412,295.96068213
07.05.2028,46.96821910,202.63082895,68.01213545,79.38396120,36.78906164,167.61111510,33.02591955,68.65034868,7.80141971,308.82411396,295.80775206
08.05.2028,47.93551052,217.01802956,69.11486294,79.51656263,37.53329657,167.59187945,33.15079772,68.70598968,7.83223752,308.82495036,295.63535099
09.05.2028,48.90234830,231.18311569,70.14272702,79.61172792,38.27668557,167.57569536,33.27538289,68.76190440,7.86274631,308.82534658,295.46283781
10.05.2028,49.86875586,245.03693285,71.09465922,79.66868960,39.01923151,167.56256023,33.39965750,68.81808048,7.89293786,308.82530110,295.30907733
11.05.2028,50.83475181,258.52138236,71.96961214,79.68676630,39.76093295,167.55246792,33.52360029,68.87450211,7.92280043,308.82480894,295.18843330
12.05.2028,51.80035100,271.61552331,72.76656503,79.66537747,40.50178586,167.54541083,33.64718831,68.93115216,7.95232090,308.82386381,295.10815163
13.05.2028,52.76556593,284.33443573,73.48453900,79.60406006,41.24178543,167.54138172,33.77039885,68.98801401,7.98148668,308.82246014,295.06749585
14.05.2028,53.73040781,296.72318781,74.12262156,79.50248655,41.98092726,167.54037470,33.89321061,69.04507272,8.01028697,308.82059426,295.05849801
15.05.2028,54.69488707,308.84871852,74.68000040,79.36048438,42.71920779,167.54238534,34.01560404,69.10231532,8.03871302,308.81826480,295.06789728
16.05.2028,55.65901354,320.79169927,75.15600660,79.17805617,43.45662436,167.54741044,34.13756130,69.15973069,8.06675813,308.81547251,295.07976053
17.05.2028,56.62279644,332.63935850,75.55016728,78.95540062,44.19317507,167.55544756,34.25906592,69.21730924,8.09441726,308.81222001,295.07831712
18.05.2028,57.58624432,344.47941890,75.86226717,78.69293315,44.92885853,167.56649471,34.38010260,69.27504260,8.12168676,308.80851146,295.05060858
19.05.2028,58.54936478,356.39487522,76.09241817,78.39130557,45.66367360,167.58054992,34.50065680,69.33292332,8.14856407,308.80435223,294.98861734
20.05.2028,59.51216418,8.45928026,76.24113544,78.05142384,46.39761904,167.59761093,34.62071447,69.39094446,8.17504735,308.79974854,294.89059439
21.05.2028,60.47464707,20.73240233,76.30941798,77.67446322,47.13069313,167.61767475,34.74026166,69.44909928,8.20113511,308.79470715,294.76137561
22.05.2028,61.43681560,33.25647001,76.29883096,77.26187996,47.86289310,167.64073707,34.85928399,69.50738069,8.22682571,308.78923478,294.61158953
23.05.2028,62.39866862,46.05359544,76.21158608,76.81541903,48.59421442,167.66679145,34.97776596,69.56578049,8.25211664,308.78333742,294.45582585
24.05.2028,63.36020076,59.12518885,76.05061607,76.33711749,49.32464986,167.69582814,35.09568996,69.62428839,8.27700349,308.77701932,294.31002714
25.05.2028,64.32140180,72.45402562,75.81963864,75.82930365,50.05418883,167.72783303,35.21303546,69.68289121,8.30147914,308.77028211,294.18853326
26.05.2028,65.28225695,86.00900824,75.52320530,75.29459245,50.78281740,167.76278715,35.32977879,69.74157266,8.32553342,308.76312448,294.10131904
27.05.2028,66.24274843,99.75173103,75.16672976,74.73587707,51.51051939,167.80066716,35.44589394,69.80031433,8.34915381,308.75554283,294.05199535
28.05.2028,67.20285826,113.64314816,74.75649085,74.15631627,52.23727852,167.84144694,35.56135431,69.85909827,8.37232714,308.74753287,294.03704770
29.05.2028,68.16257159,127.64843090,74.29960474,73.55931636,52.96308113,167.88509977,35.67613500,69.91791262,8.39504171,308.73909179,294.04653358
30.05.2028,69.12187990,141.73865150,73.80396271,72.94850623,53.68791851,167.93160039,35.79021485,69.97677889,8.41728928,308.73022009,294.06615234
31.05.2028,70.08078293,155.88901258,73.27813305,72.32770452,54.41178836,167.98092636,35.90357756,70.03465110,8.43906617,308.72092270,294.08032116

June,,,,,,,,,,,
01.06.2028,71.03928934,170.07450026,72.73122826,71.70087864,55.13469481,168.03305827,36.01621163,70.09406533,8.46037309,308.71120880,294.07556112
02.06.2028,71.99741562,184.26469892,72.17274244,71.07209636,55.85664715,168.08797886,36.12810903,70.15287979,8.48121392,308.70109053,294.04338090
03.06.2028,72.95518400,198.41985066,71.61236658,70.44547172,56.57765757,168.14567126,36.23926303,70.21163266,8.50159352,308.69058087,293.98199642
04.06.2028,73.91261967,212.48995188,71.05979158,69.82510718,57.29773848,168.20611707,36.34966573,70.27035057,8.52151537,308.67969127,293.89637617
05.06.2028,74.86974819,226.41775478,70.52451066,69.21503499,58.01690023,168.26929477,36.45930606,70.32903318,8.54097969,308.66842980,293.79675592
06.06.2028,75.82659357,240.14520268,70.01563244,68.61916044,58.73514973,168.33517921,36.56816883,70.38767203,8.55998254,308.65680031,293.69601342
07.06.2028,76.78317760,253.62158680,69.54171513,68.04120957,59.45249034,168.40374217,36.67623496,70.44625384,8.57851626,308.64480290,293.60674137
08.06.2028,77.73952005,266.81119119,69.11062968,67.48468362,60.16892279,168.47495391,36.78348293,70.50476266,8.59657094,308.63243547,293.53872362
09.06.2028,78.69563947,279.69858153,68.72945699,66.95282148,60.88444666,168.54878493,36.88989042,70.56318196,8.61413623,308.61969553,293.49730037
10.06.2028,79.65155391,292.29073250,68.40442107,66.44857083,61.59906160,168.62520745,36.99543597,70.62149615,8.63120292,308.60658186,293.48280981
11.06.2028,80.60728138,304.61624154,68.14085745,65.97456796,62.31276815,168.70419610,37.10009972,70.67969158,8.64776386,308.59309538,293.49101109
12.06.2028,81.56283978,316.72249997,67.94321407,65.53312607,63.02556787,168.78572796,37.20386376,70.73775666,8.66381415,308.57923941,293.51422747
13.06.2028,82.51824671,328.67178979,67.81508001,65.12623127,63.73746321,168.86978218,37.30671184,70.79568165,8.67935093,308.56501941,293.54291049
14.06.2028,83.47351913,340.53701737,67.75923690,64.75554555,64.44845717,168.95633946,37.40862903,70.85345828,8.69437300,308.55044262,293.56735286
15.06.2028,84.42867308,352.39742708,67.77772691,64.42241533,65.15855293,169.04538152,37.50960132,70.91107928,8.70888037,308.53551756,293.57930844
16.06.2028,85.38372330,4.33430460,67.87193163,64.12788475,65.86775345,169.13689065,37.60961518,70.96853798,8.72287384,308.52025365,293.57330239
17.06.2028,86.33868279,16.42649471,68.04265677,63.87271232,66.57606111,169.23084921,37.70865718,71.02582786,8.73635458,308.50466075,293.54745080
18.06.2028,87.29356225,28.74552826,68.29021815,63.65739028,67.28347719,169.32723926,37.80671360,71.08294220,8.74932379,308.48874884,293.50366853
19.06.2028,88.24836932,41.35030861,68.61452563,63.48216561,67.99000133,169.42604192,37.90376993,71.13987351,8.76178214,308.47252745,293.44722226
20.06.2028,89.20310750,54.28164316,69.01516223,63.34706227,68.69563070,169.52723659,37.99981015,71.19661283,8.77372909,308.45600498,293.38568158
21.06.2028,90.15777490,67.55736680,69.49145688,63.25190413,69.40035903,169.63079976,38.09481580,71.25314871,8.78516190,308.43918769,293.32743525
22.06.2028,91.11236324,81.16920653,70.04255003,63.19633891,70.10417581,169.73670399,38.18876520,71.30946635,8.79607482,308.42207889,293.28004667
23.06.2028,92.06685803,95.08262582,70.66745241,63.17986342,70.80706647,169.84491758,38.28163349,71.36554756,8.80645900,308.40467881,293.24877422
24.06.2028,93.02124047,109.24040840,71.36509695,63.20185009,71.50901410,169.95540555,38.37339392,71.42137198,8.81630374,308.38698577,293.23556623
25.06.2028,93.97549105,123.56970437,72.13438387,63.26157390,72.21000239,170.06813195,38.46402046,71.47691949,8.82559883,308.36899850,293.23876869
26.06.2028,94.92959380,137.99109140,72.97421780,63.35823768,72.91001909,170.18306256,38.55349059,71.53217308,8.83433734,308.35071882,293.25363989
27.06.2028,95.88353990,152.42750689,73.88353569,63.49099352,73.60905856,170.30016701,38.64178735,71.58712077,8.84251745,308.33215349,293.27356371
28.06.2028,96.83732922,166.81106523,74.86132479,63.65895877,74.30712241,170.41941924,38.72889949,71.64175592,8.85014267,308.31331428,293.29161744
29.06.2028,97.79096973,181.08666891,75.90663090,63.86122652,75.00421812,170.54079641,38.81481995,71.69607569,8.85722023,308.29421643,293.30223630
30.06.2028,98.74447539,195.21246951,77.01855796,64.09687201,75.70035648,170.66427668,38.89954317,71.75007859,8.86375851,308.27487610,293.30224160

July,,,,,,,,,,,
01.07.2028,99.69786360,209.15809174,78.19626055,64.36495671,76.39554887,170.78983713,38.98306253,71.80376193,8.86976457,308.25530788,293.29143372
02.07.2028,100.65115305,222.90190501,79.43893014,64.66453162,77.08980523,170.91745234,39.06536851,71.85712015,8.87524239,308.23552311,293.27213935
03.07.2028,101.60436249,236.42851254,80.74577560,64.99464072,77.78313295,171.04709395,39.14644797,71.91014414,8.88019230,308.21552929,293.24834530
04.07.2028,102.55751026,249.72721409,82.11599772,65.35432465,78.47553683,171.17873110,39.22628431,71.96282155,8.88461121,308.19533049,293.22455616
05.07.2028,103.51061437,262.79170952,83.54875753,65.74262473,79.16701960,171.31233153,39.30485846,72.01513773,8.88849369,308.17492830,293.20467748
06.07.2028,104.46369312,275.62088387,85.04313832,66.15858712,79.85758296,171.44786293,39.38215015,72.06707711,8.89183333,308.15432336,293.19125780
07.07.2028,105.41676560,288.22025370,86.59810129,66.60126696,80.54722860,171.58529432,39.45813930,72.11862454,8.89462422,308.13351679,293.18518336
08.07.2028,106.36985215,300.60358090,88.21243550,67.06973209,81.23595909,171.72459706,39.53280717,72.16976643,8.89686204,308.11251133,293.18578302
09.07.2028,107.32297423,312.79422449,89.88470327,67.56306632,81.92377822,171.86574526,39.60613683,72.22049125,8.89854466,308.09131194,293.19124241
10.07.2028,108.27615409,324.82595003,91.61318341,68.08037198,82.61069087,172.00871568,39.67811327,72.27078950,8.89967213,308.06992581,293.19918916
11.07.2028,109.22941413,336.74307353,93.39581564,68.62077205,83.29670268,172.15348721,39.74872304,72.32065340,8.90024640,308.04836204,293.20730129
12.07.2028,110.18277633,348.59991447,95.23015036,69.18341179,83.98181958,172.30004037,39.81795387,72.37007641,8.90027087,308.02663121,293.21381650
13.07.2028,111.13626177,0.45957850,97.11330892,69.76745997,84.66604733,172.44835672,39.88579424,72.41905279,8.89974991,308.00474488,293.21785989
14.07.2028,112.08989012,12.39204892,99.04195918,70.37210952,85.34939110,172.59841833,39.95223291,72.46757711,8.89868844,307.98271515,293.21953945
15.07.2028,113.04367903,24.47148738,101.01231163,70.99657779,86.03185490,172.75020723,40.01725845,72.51564373,8.89709139,307.96055413,293.21979017
16.07.2028,113.99764359,36.77255178,103.02013956,71.64010622,86.71344114,172.90370487,40.08085883,72.56324639,8.89496328,307.93827351,293.21999744
17.07.2028,114.95179548,49.36549897,105.06082550,72.30195975,87.39414994,173.05889164,40.14302093,72.61037767,8.89230772,307.91588405,293.22149018
18.07.2028,115.90614194,62.30991862,107.12943306,72.98142582,88.07397849,173.21574609,40.20372994,72.65702839,8.88912687,307.89339504,293.22503299
19.07.2028,116.86068445,75.64724251,109.22080068,73.67781330,88.75292001,173.37424397,40.26296864,72.70318680,8.88542056,307.87081339,293.23045226
20.07.2028,117.81541748,89.39274963,111.32965180,74.39045184,89.43096310,173.53435737,40.32071677,72.74883786,8.88118568,307.84814304,293.23651710
21.07.2028,118.77032841,103.52858294,113.45071312,75.11869287,90.10809200,173.69605463,40.37695133,72.79396346,8.87641636,307.82538506,293.24115910
22.07.2028,119.72539931,118.00001557,115.57883385,75.86191274,90.78428859,173.85930172,40.43164838,72.83854405,8.87110558,307.80253923,293.24202980
23.07.2028,120.68061068,132.71733732,117.70909641,76.61951788,91.45953591,174.02406500,40.48478613,72.88256165,8.86524814,307.77960691,293.23727226
24.07.2028,121.63594601,147.56469049,119.83691114,77.39095025,92.13382210,174.19031419,40.53634807,72.92600286,8.85884357,307.75659388,293.22627818
25.07.2028,122.59139535,162.41494644,121.95809134,78.17569054,92.80714271,174.35802411,40.58632463,72.96886056,8.85189766,307.73351186,293.21017678
26.07.2028,123.54695642,177.14719201,124.06889321,78.97325759,93.47950062,174.52717415,40.63471223,73.01113304,8.84442154,307.71037746,293.19180372
27.07.2028,124.50263336,191.66206899,126.16601635,79.78320424,94.15090349,174.69774583,40.68151038,73.05282119,8.83642873,307.68720934,293.17510737
28.07.2028,125.45843414,205.89108845,128.24664312,80.60511121,94.82136038,174.86971984,40.72671809,73.09392509,8.82793173,307.66402476,293.16413747
29.07.2028,126.41436838,219.79858467,130.30840213,81.43858141,95.49087906,175.04307401,40.77033131,73.13444164,8.81893958,307.64083727,293.16191366
30.07.2028,127.37044619,233.37759429,132.34933433,82.28323575,96.15946489,175.21778284,40.81234212,73.17436381,8.80945722,307.61765604,293.16946385
31.07.2028,128.32667822,246.64236054,134.36786011,83.13871083,96.82712103,175.39381828,40.85273930,73.21368127,8.79948610,307.59448660,293.18542828

August,,,,,,,,,,,
01.08.2028,129.28307611,259.62015072,136.36273952,84.00465764,97.49384922,175.57115102,40.89150946,73.25238163,8.78902550,307.57133217,293.20619749
02.08.2028,130.23965306,272.34424878,138.33303010,84.88074072,98.15965064,175.74975173,40.92863832,73.29045166,8.77807380,307.54819493,293.22655318
03.08.2028,131.19642414,284.84902711,140.27804504,85.76663773,98.82452672,175.92959210,40.96411172,73.32787834,8.76662956,307.52507721,293.24065170
04.08.2028,132.15340670,297.16727439,142.19731328,86.66203901,99.48847974,176.11064573,40.99791657,73.36464978,8.75469252,307.50198240,293.24312204
05.08.2028,133.11062044,309.32952989,144.09054248,87.56664727,100.15151335,176.29288867,41.03004160,73.40075593,8.74226428,307.47891573,293.23007587
06.08.2028,134.06808716,321.36496204,145.95758515,88.48017700,100.81363259,176.47629964,41.06047754,73.43618879,8.72934862,307.45588452,293.19988112
07.08.2028,135.02583019,333.30324510,147.79840825,89.40235367,101.47484356,176.66085974,41.08921708,73.47094222,8.71595127,307.43289802,293.15359457
08.08.2028,135.98387353,345.17688883,149.61306621,90.33291278,102.13515291,176.84655186,41.11625437,73.50501152,8.70207955,307.40996699,293.09498169
09.08.2028,136.94224113,357.02352313,151.40167757,91.27159906,102.79456723,177.03336017,41.14158466,73.53839294,8.68774189,307.38710322,293.03009007
10.08.2028,137.90095623,8.88772064,153.16440479,92.21816570,103.45309262,177.22126952,41.16520384,73.57108323,8.67294738,307.36431909,292.96639380
11.08.2028,138.86004075,20.82203127,154.90143691,93.17237365,104.11073414,177.41026499,41.18710809,73.60307920,8.65770530,307.34162711,292.91159178
12.08.2028,139.81951455,32.88696412,156.61297457,94.13399066,104.76749526,177.60033117,41.20729326,73.63437714,8.64202464,307.31903935,292.87221587
13.08.2028,140.77939476,45.14965382,158.29921710,95.10279038,105.42337719,177.79145164,41.22575448,73.66497228,8.62591351,307.29656695,292.85227324
14.08.2028,141.73969498,57.68088821,159.96035131,96.07855135,106.07837836,177.98360843,41.24248567,73.69485839,8.60937871,307.27421959,292.85219024
15.08.2028,142.70042448,70.55010093,161.59654159,97.06105598,106.73249382,178.17678149,41.25747919,73.72402732,8.59242534,307.25200516,292.86832144
16.08.2028,143.66158705,83.81793658,163.20792084,98.05008945,107.38571456,178.37094802,41.27072541,73.75246846,8.57505631,307.22992921,292.89322658
17.08.2028,144.62317997,97.52628355,164.79458220,99.04543891,108.03802704,178.56608200,41.28221243,73.78016849,8.55727199,307.20799458,292.91680313
18.08.2028,145.58519375,111.68647536,166.35657212,100.04689397,108.68941359,178.76215441,41.29192676,73.80711177,8.53907072,307.18620192,292.92819598
19.08.2028,146.54761355,126.26782356,167.89388515,101.05424920,109.33985452,178.95913485,41.29985533,73.83328237,8.52045072,307.16455147,292.91819160
20.08.2028,147.51042239,141.19042402,169.40646036,102.06730864,109.98933172,179.15699444,41.30598875,73.85866710,8.50141310,307.14304607,292.88158985
21.08.2028,148.47360489,156.32708737,170.89417829,103.08589079,110.63783229,179.35570858,41.31032430,73.88325846,8.48196466,307.12169382,292.81891735
22.08.2028,149.43715012,171.51754496,172.35685660,104.10983181,111.28535061,179.55525801,41.31286695,73.90705561,8.46211876,307.10050894,292.73675328
23.08.2028,150.40105207,186.59322771,173.79424354,105.13898545,111.93188742,179.75562731,41.31362739,73.93006256,8.44189335,307.07950975,292.64656378
24.08.2028,151.36530818,201.40525053,175.20600960,106.17321984,112.57744671,179.95680154,41.31261812,73.95228442,8.42130711,307.05871483,292.56179799
25.08.2028,152.32991722,215.84613433,176.59173861,107.21241303,113.22203220,180.15876300,41.30984943,73.97372358,8.40037558,307.03813925,292.49471354
26.08.2028,153.29487808,229.85916046,177.95091982,108.25644936,113.86564513,180.36148965,41.30532727,73.99437779,8.37910931,307.01779274,292.45323690
27.08.2028,154.26019014,243.43536972,179.28294094,109.30521780,114.50828422,180.56495575,41.29905354,74.01424052,8.35751421,306.99768017,292.43917700
28.08.2028,155.22585446,256.60265385,180.58708143,110.35861174,115.14994689,180.76913374,41.29102773,74.03330270,8.33559343,306.97780348,292.44792898
29.08.2028,156.19187491,269.41225498,181.86250474,111.41652921,115.79063065,180.97399618,41.28124883,74.05155468,8.31334928,306.95816360,292.46960831
30.08.2028,157.15825863,281.92644388,183.10824878,112.47887298,116.43033392,181.17951683,41.26971658,74.06898734,8.29078454,306.93876185,292.49115027
31.08.2028,158.12501605,294.20911155,184.32321480,113.54555023,117.06905633,181.38567130,41.25643209,74.08559283,8.26790311,306.91960052,292.49881991

September,,,,,,,,,,,
01.09.2028,159.09216069,306.31959071,185.50615492,114.61647244,117.70679890,181.59243732,41.24139829,74.10136489,8.24471044,306.90068338,292.48064088
02.09.2028,160.05970911,318.30936401,186.65565845,115.69155516,118.34356416,181.79979499,41.22462030,74.11629918,8.22121387,306.88201600,292.42838999
03.09.2028,161.02768051,330.22114481,187.77013668,116.77071769,118.97935603,182.00772673,41.20610545,74.13039336,8.19742268,306.86360579,292.33894076
04.09.2028,161.99609614,342.08983347,188.84780612,117.85388249,119.61417937,182.21621691,41.18586306,74.14364673,8.17334782,306.84546173,292.21483516
05.09.2028,162.96497845,353.94487964,189.88667022,118.94097430,120.24803928,182.42525128,41.16390395,74.15605974,8.14900140,306.82759387,292.06402839
06.09.2028,163.93435021,5.81356137,190.88449994,120.03191942,120.88094052,182.63481631,41.14023995,74.16763349,8.12439620,306.81001280,291.89881722
07.09.2028,164.90423385,17.72464071,191.83881343,121.12664504,121.51288689,182.84489876,41.11488352,74.17836927,8.09954519,306.79272925,291.73404712
08.09.2028,165.87465066,29.71182646,192.74685497,122.22507860,122.14388071,183.05548507,41.08784734,74.18826812,8.07446117,306.77575360,291.58479729
09.09.2028,166.84562000,41.81648008,193.60557371,123.32714703,122.77392216,183.26656076,41.05914380,74.19733026,8.04915615,306.75909535,291.46384965
10.09.2028,167.81715848,54.08904161,194.41160290,124.43277599,123.40300856,183.47810979,41.02878446,74.20555457,8.02364083,306.74276254,291.37933426
11.09.2028,168.78927921,66.58868452,195.16124095,125.54188927,124.03113390,183.69011409,40.99677977,74.21293817,7.99792420,306.72676137,291.33298154
12.09.2028,169.76199125,79.38067583,195.85043571,126.65440827,124.65828848,183.90255327,40.96313891,74.21947630,7.97201341,306.71109605,291.31937542
13.09.2028,170.73529891,92.53085338,196.47477390,127.77025152,125.28445863,184.11540442,40.92786980,74.22516217,7.94591365,306.69576864,291.32648251
14.09.2028,171.70920124,106.09666080,197.02947850,128.88933451,125.90962667,184.32864211,40.89097934,74.22998719,7.91962835,306.68077925,291.33754385
15.09.2028,172.68369193,120.11460409,197.50941821,130.01157020,126.53377162,184.54223899,40.85247438,74.23394179,7.89316000,306.66612683,291.33417821
16.09.2028,173.65876047,134.58522299,197.90913436,131.13687109,127.15687119,184.75616753,40.81236382,74.23701743,7.86651209,306.65181103,291.30025933
17.09.2028,174.63439434,149.45893245,198.22289146,132.26515250,127.77890485,184.97040259,40.77066151,74.23920935,7.83969183,306.63783490,291.22579445
18.09.2028,175.61058131,164.62867801,198.44475811,133.39633617,128.39985678,185.18492351,40.72738860,74.24051887,7.81271227,306.62420691,291.10976777
19.09.2028,176.58731066,179.93604588,198.56872685,134.53035224,129.01971700,185.39971432,40.68257360,74.24095350,7.78559234,306.61094097,290.96097353
20.09.2028,177.56457265,195.19364405,198.58888319,135.66713886,129.63848004,185.61476148,40.63624979,74.24052447,7.75835415,306.59805367,290.79613306
21.09.2028,178.54235689,210.21854897,198.49963601,136.80663976,130.25614180,185.83005016,40.58845078,74.23924251,7.73101875,306.58556013,290.63581732
22.09.2028,179.52065120,224.86479764,198.29602138,137.94880152,130.87269652,186.04556126,40.53920667,74.23711428,7.70360248,306.57347043,290.49916574
23.09.2028,180.49944197,239.04335504,197.97408830,139.09357208,131.48813563,186.26127053,40.48854260,74.23414115,7.67611576,306.56178844,290.39922044
24.09.2028,181.47871617,252.72537487,197.53136836,140.24090110,132.10244857,186.47715025,40.43647982,74.23032043,7.64856446,306.55051333,290.34006854
25.09.2028,182.45846375,265.93249975,196.96742008,141.39074112,132.71562484,186.69317189,40.38303825,74.22564793,7.62095251,306.53964222,290.31638552
26.09.2028,183.43867931,278.72125777,196.28442526,142.54304857,133.32765554,186.90930838,40.32823864,74.22012024,7.59328428,306.52917259,290.31508284
27.09.2028,184.41936240,291.16740495,195.48779605,143.69778378,133.93853399,187.12553514,40.27210376,74.21373574,7.56556564,306.51910341,290.31831783
28.09.2028,185.40051700,303.35321647,194.58673164,144.85491042,134.54825554,187.34182984,40.21465859,74.20649487,7.53780429,306.50943541,290.30705187
29.09.2028,186.38215085,315.35844982,193.59464323,146.01439494,135.15681717,187.55816915,40.15593024,74.19839998,7.51000960,306.50017095,290.26446406
30.09.2028,187.36427503,327.25458127,192.52935369,147.17620616,135.76421727,187.77451167,40.09594796,74.18945526,7.48219259,306.49131402,290.17873415

October,,,,,,,,,,,
01.10.2028,188.34690348,339.10165708,191.41298102,148.34031499,136.37045539,187.99082022,40.03474307,74.17966669,7.45436589,306.48287014,290.04490132
02.10.2028,189.33005250,350.94724151,190.27143987,149.50669388,136.97553173,188.20716579,39.97234857,74.16904164,7.42654332,306.47484600,289.86563912
03.10.2028,190.31373995,2.82714066,189.13354399,150.67531609,137.57944651,188.42352018,39.90879867,74.15758837,7.39873943,306.46724897,289.65088323
04.10.2028,191.29798451,14.76768204,188.02975749,151.84615496,138.18219922,188.63984417,39.84412828,74.14531549,7.37096894,306.46008652,289.41635474
05.10.2028,192.28280491,26.78926191,186.99070898,153.01918317,138.78378795,188.85612021,39.77837252,74.13223146,7.34324629,306.45336582,289.18115409
06.10.2028,193.26821914,38.91070533,186.04563212,154.19437201,139.38420875,189.07233371,39.71156629,74.11834412,7.31558514,306.44709318,288.96474063
07.10.2028,194.25424349,51.15377303,185.22091238,155.37169057,139.98345485,189.28846882,39.64374373,74.10366012,7.28799785,306.44127355,288.78372872
08.10.2028,195.24089173,63.54701710,184.53889916,156.55110497,140.58151593,189.50450750,39.57493780,74.08818447,7.26049497,306.43590999,288.64899684
09.10.2028,196.22817435,76.12816334,184.01709021,157.73257785,141.17837776,189.72042914,39.50518005,74.07192026,7.23308499,306.43100345,288.56360623
10.10.2028,197.21609829,88.94424229,183.66772984,158.91606829,141.77402210,189.93621068,39.43450087,74.05486885,7.20577456,306.42655288,288.52195060
11.10.2028,198.20466675,102.04877037,183.49779964,160.10153185,142.36842694,190.15182689,39.36292996,74.03703032,7.17856886,306.42255565,288.51040652
12.10.2028,199.19387922,115.49537127,183.50933653,161.28892100,142.96156701,190.36725095,39.29049709,74.01840416,7.15147230,306.41900824,288.50954091
13.10.2028,200.18373181,129.32749308,183.69998980,162.47818595,143.55341482,190.58245549,39.21723338,73.99899047,7.12448969,306.41590732,288.49767953
14.10.2028,201.17421813,143.56465872,184.06372586,163.66927620,144.14394244,190.79741413,39.14317315,73.97879176,7.09762801,306.41325149,288.45534067
15.10.2028,202.16533051,158.18735276,184.59159882,164.86214263,144.73312368,191.01210339,39.06835603,73.95781499,7.07089832,306.41104321,288.36967031
16.10.2028,203.15706068,173.12510049,185.27252062,166.05673912,145.32093587,191.22650376,38.99282809,73.93607277,7.04431687,306.40928977,288.23782510
17.10.2028,204.14939924,188.25417585,186.09398249,167.25302288,145.90735997,191.44059899,38.91664107,73.91358258,7.01790421,306.40800245,288.06788188
18.10.2028,205.14233392,203.41016416,187.04269532,168.45095314,146.49237886,191.65437341,38.83984921,73.89036390,6.99168217,306.40719345,287.87741367
19.10.2028,206.13584774,218.41475666,188.10513221,169.65048904,147.07597473,191.86780853,38.76250522,73.86643430,6.96566991,306.40687201,287.68882473
20.10.2028,207.12991861,233.10837850,189.26796732,170.85158842,147.65812714,192.08088066,38.68465704,73.84180660,6.93988099,306.40704157,287.52375569
21.10.2028,208.12452115,247.37665870,190.51841307,172.05420824,148.23881297,192.29356095,38.60634715,73.81648837,6.91432302,306.40769947,287.39787265
22.10.2028,209.11963008,261.16261117,191.84446264,173.25830666,148.81800815,192.50581761,38.52761429,73.79048383,6.88899955,306.40883897,287.31753364
23.10.2028,210.11522377,274.46419226,193.23504786,174.46384537,149.39569003,192.71761890,38.44849618,73.76379669,6.86391308,306.41045230,287.27900790
24.10.2028,211.11128642,287.32253650,194.68012503,175.67079101,149.97183891,192.92893541,38.36903184,73.73643237,6.83906736,306.41253305,287.27000750
25.10.2028,212.10780842,299.80715185,196.17070228,176.87911527,150.54643838,193.13974086,38.28926250,73.70839898,6.81446846,306.41507718,287.27273530
26.10.2028,213.10478564,312.00230940,197.69882303,178.08879401,151.11947459,193.35001187,38.20923154,73.67970715,6.79012462,306.41808290,287.26757899
27.10.2028,214.10221826,323.99636059,199.25751859,179.29980619,151.69093549,193.55972726,38.12898403,73.65036951,6.76604580,306.42155025,287.23672327
28.10.2028,215.10010997,335.87407912,200.84074111,180.51213320,152.26081014,193.76886767,38.04856635,73.62040037,6.74224329,306.42548064,287.16714717
29.10.2028,216.09846736,347.71147555,202.44328518,181.72575834,152.82908831,193.97741510,37.96802591,73.58981534,6.71872946,306.42987664,287.05265852
30.10.2028,217.09729945,359.57251177,204.06070459,182.94066645,153.39575997,194.18535256,37.88741084,73.55863107,6.69551737,306.43474158,286.89477030
31.10.2028,218.09661705,11.50739176,205.68922879,184.15684325,153.96081469,194.39266355,37.80676948,73.52686470,6.67262038,306.44007912,286.70235427

November,,,,,,,,,,,
01.11.2028,219.09643223,23.55235906,207.32568246,185.37427453,154.52424098,194.59933144,37.72614984,73.49453339,6.65005153,306.44589271,286.49014313
02.11.2028,220.09675757,35.73106427,208.96741013,186.59294589,155.08602543,194.80533894,37.64559910,73.46165371,6.62782313,306.45218507,286.27630280
03.11.2028,221.09760548,48.05748374,210.61220705,187.81284163,155.64615194,195.01066742,37.56516307,73.42824116,6.60594611,306.45895767,286.07944006
04.11.2028,222.09898720,60.54010019,212.25825685,189.03394395,156.20460078,195.21529622,37.48488561,73.39430953,6.58442955,306.46621010,285.91550833
05.11.2028,223.10091198,73.18668483,213.90407611,190.25623211,156.76134781,195.41920212,37.40480832,73.35987053,6.56328021,306.47393972,285.79510055
06.11.2028,224.10338652,86.00870193,215.54846582,191.47968212,157.31636421,195.62235923,37.32497060,73.32493381,6.54250263,306.48214165,285.72157350
07.11.2028,225.10641484,99.02422622,217.19046955,192.70426687,157.86961671,195.82473939,37.24541028,73.28950758,6.52209963,306.49080931,285.69034497
08.11.2028,226.10999859,112.25835243,218.82933756,193.92995675,158.42106835,196.02631300,37.16616468,73.25359955,6.50207335,306.49993538,285.68955799
09.11.2028,227.11413744,125.74036211,220.46449612,195.15672049,158.97067955,196.22705014,37.08727190,73.21721827,6.48242646,306.50951299,285.70211882
10.11.2028,228.11882967,139.49734845,222.09552129,196.38452623,159.51840937,196.42692175,37.00877223,73.18037444,6.46316347,306.51953703,285.70888874
11.11.2028,229.12407263,153.54466474,223.72211661,197.61334261,160.06421694,196.62590086,36.93070946,73.14308230,6.44429202,306.53000539,285.69254732
12.11.2028,230.12986288,167.87461081,225.34409363,198.84313951,160.60806263,196.82396339,36.85313182,73.10536051,6.42582372,306.54091976,285.64135953
13.11.2028,231.13619556,182.44618396,226.96135453,200.07388811,161.14990844,197.02108811,36.77609182,73.06723211,6.40777401,306.55228549,285.55188814
14.11.2028,232.14306258,197.17996864,228.57387592,201.30555976,161.68971731,197.21725513,36.69964451,73.02872291,6.39016046,306.56410986,285.42996903
15.11.2028,233.15045028,211.96209744,230.18169376,202.53812406,162.22745135,197.41244326,36.62384447,72.98985863,6.37299984,306.57639919,285.28913349
16.11.2028,234.15833759,226.65859894,231.78489039,203.77154702,162.76307008,197.60662747,36.54874256,72.95066191,6.35630509,306.58915584,285.14733757
17.11.2028,235.16669613,241.13692284,233.38358437,205.00579083,163.29652971,197.79977752,36.47438388,72.91115049,6.34008349,306.60237647,285.02243909
18.11.2028,236.17549263,255.28776782,234.97792302,206.24081538,163.82778422,197.99185878,36.40080786,72.87133757,6.32433711,306.61605253,284.92806897
19.11.2028,237.18469288,269.04034752,236.56807608,207.47658133,164.35678764,198.18283463,36.32805026,72.83123384,6.30906492,306.63017250,284.87091651
20.11.2028,238.19426583,282.36782528,238.15432628,208.71305306,164.88349641,198.37266940,36.25614578,72.79085021,6.29426565,306.64472474,284.84988628
21.11.2028,239.20418618,295.28400586,239.73683917,209.95020057,165.40787078,198.56133033,36.18513005,72.75019974,6.27993983,306.65969966,284.85701935
22.11.2028,240.21443517,307.83481610,241.31577456,211.18799978,165.92987483,198.74878828,36.11504045,72.70929842,6.26609061,306.67509045,284.87965021
23.11.2028,241.22499995,320.08815600,242.89146245,212.42643162,166.44947551,198.93501720,36.04591584,72.66816481,6.25272352,306.69089293,284.90314822
24.11.2028,242.23587240,332.12443683,244.46416282,213.66548088,166.96664146,199.11999337,35.97779597,72.62681936,6.23984578,306.70710474,284.91367767
25.11.2028,243.24704806,344.02875655,246.03414022,214.90513516,167.48134197,199.30369457,35.91072079,72.58528372,6.22746564,306.72372479,284.90055161
26.11.2028,244.25852531,355.88475960,247.60166021,216.14538411,167.99354630,199.48609953,35.84473011,72.54358031,6.21559195,306.74075272,284.85788107
27.11.2028,245.27030479,7.76985122,249.16698511,217.38621899,168.50322319,199.66718754,35.77986313,72.50173187,6.20423375,306.75818853,284.78533880
28.11.2028,246.28238903,19.75142851,250.73037028,218.62763215,169.01034023,199.84693793,35.71615812,72.45976110,6.19339988,306.77603219,284.68797991
29.11.2028,247.29478195,31.88398309,252.29206047,219.86961665,169.51486333,200.02532965,35.65365196,72.41769018,6.18309856,306.79428318,284.57518980
30.11.2028,248.30748849,44.20717744,253.85228606,221.11216563,170.01675588,200.20234070,35.59237961,72.37554026,6.17333687,306.81294002,284.45895207

December,,,,,,,,,,,
01.12.2028,249.32051397,56.74518523,255.41125899,222.35527164,170.51597773,200.37794738,35.53237359,72.33333079,6.16412013,306.83199963,284.35173091
02.12.2028,250.33386338,69.50759539,256.96916836,223.59892579,171.01248416,200.55212360,35.47366336,72.29107895,6.15545136,306.85145674,284.26432128
03.12.2028,251.34754073,82.49196738,258.52617586,224.84311706,171.50622491,200.72484042,35.41627513,72.24879933,6.14733093,306.87130358,284.20401830
04.12.2028,252.36154878,95.68769155,260.08241112,226.08783215,171.99714390,200.89606613,35.36023228,72.20650424,6.13975692,306.89153016,284.17340268
05.12.2028,253.37588925,109.08033326,261.63796709,227.33305591,172.48517972,201.06576709,35.30555645,72.16420478,6.13272613,306.91212528,284.16995068
06.12.2028,254.39056341,122.65532615,263.19289515,228.57877230,172.97026680,201.23390919,35.25226930,72.12191248,6.12623571,306.93307813,284.18656369
07.12.2028,255.40557272,136.39990868,264.74719928,229.82496558,173.45233691,201.40045930,35.20039425,72.07964104,6.12028480,306.95437985,284.21297103
08.12.2028,256.42091910,150.30259453,266.30082886,231.07162110,173.93132050,201.56538656,35.14995781,72.03740761,6.11487583,306.97602483,284.23780260
09.12.2028,257.43660452,164.35013157,267.85366951,232.31872557,174.40714754,201.72866287,35.10099013,71.99523345,6.11001501,306.99801117,284.25095344
10.12.2028,258.45262994,178.52268333,269.40553157,233.56626650,174.87974763,201.89026254,35.05352456,71.95314346,6.10571185,307.02034020,284.24567917
11.12.2028,259.46899341,192.78867541,270.95613605,234.81423092,175.34904936,202.05016108,35.00759616,71.91116489,6.10197782,307.04301511,284.21997066
12.12.2028,260.48568788,207.10120425,272.50509799,236.06260351,175.81497916,202.20833328,34.96323951,71.86932518,6.09882410,307.06603876,284.17678804
13.12.2028,261.50269904,221.39781830,274.05190749,237.31136481,176.27746005,202.36475117,34.92048615,71.82764963,6.09625928,307.08941135,284.12302337
14.12.2028,262.52000429,235.60466241,275.59590885,238.56049017,176.73641093,202.51938263,34.87936272,71.78615962,6.09428755,307.11312871,284.06764896
15.12.2028,263.53757331,249.64454742,277.13627819,239.80995019,177.19174719,202.67219127,34.83989021,71.74487206,6.09290819,307.13718184,284.01941371
16.12.2028,264.55537057,263.44704443,278.67199911,241.05971272,177.64338241,202.82313775,34.80208484,71.70380035,6.09211664,307.16155799,283.98495367
17.12.2028,265.57335886,276.95797620,280.20183553,242.30974577,178.09123075,202.97218215,34.76596003,71.66295640,6.09190652,307.18624283,283.96759768
18.12.2028,266.59150299,290.14608757,281.72429980,243.56002044,178.53520908,203.11928630,34.73152853,71.62235274,6.09227200,307.21122274,283.96709421
19.12.2028,267.60977227,303.00586511,283.23761456,244.81051277,178.97523802,203.26441533,34.69880401,71.58200411,6.09320931,307.23648647,283.98014957
20.12.2028,268.62814165,315.55676425,284.73966726,246.06120430,179.41124182,203.40753816,34.66780162,71.54192784,6.09471733,307.26202567,284.00148991
21.12.2028,269.64659153,327.83990107,286.22795668,247.31208155,179.84314723,203.54862696,34.63853773,71.50214356,6.09679728,307.28783460,284.02512930
22.12.2028,270.66510686,339.91342172,287.69953143,248.56313493,180.27088213,203.68765627,34.61102924,71.46267235,6.09945197,307.31390931,284.04557334
23.12.2028,271.68367615,351.84750454,289.15092043,249.81435772,180.69437423,203.82460206,34.58529286,71.42353603,6.10268500,307.34024694,284.05876264
24.12.2028,272.70229055,3.71952163,290.57805536,251.06574513,181.11355013,203.95944109,34.56134459,71.38475647,6.10650022,307.36684503,284.06263340
25.12.2028,273.72094327,15.60950995,291.97618558,252.31729372,181.52833459,204.09215031,34.53919929,71.34635516,6.11090120,307.39370109,284.05724055
26.12.2028,274.73962911,27.59585708,293.33978622,253.56900101,181.93865004,204.22270653,34.51887036,71.30835287,6.11589094,307.42081224,284.04446375
27.12.2028,275.75834425,39.75102322,294.66246182,254.82086508,182.34441602,204.35108603,34.50036942,71.27076925,6.12147149,307.44817486,284.02739067
28.12.2028,276.77708599,52.13718697,295.93684867,256.07288431,182.74554847,204.47726410,34.48370595,71.23362244,6.12764356,307.47578416,284.00952437
29.12.2028,277.79585245,64.80189353,297.15452188,257.32505679,183.14195870,204.60121437,34.46888673,71.19692846,6.13440598,307.50363368,283.99398363
30.12.2028,278.81464220,77.77407166,298.30591574,258.57737978,183.53355221,204.72290817,34.45591537,71.16070062,6.14175508,307.53171461,283.98286102
31.12.2028,279.83345405,91.06107615,299.38026991,259.82984930,183.92022752,204.84231406,34.44479215,71.12494930,6.14968451,307.56001565,283.97687149

2029,,,,,,,,,,,
01.01.2029,280.85228736,104.64757054,300.36561873,261.08246033,184.30187573,204.95939810,34.43551469,71.08968247,6.15818576,307.58852344,283.97535931
02.01.2029,281.87114275,118.49695085,301.24884569,262.33520767,184.67838099,205.07412516,34.42807955,71.05490725,6.16724967,307.61722404,283.97665354
03.01.2029,282.89002325,132.55554461,302.01583002,263.58808737,185.04962187,205.18646073,34.42248457,71.02063207,6.17686855,307.64610505,283.97868997
04.01.2029,283.90893465,146.75907601,302.65171720,264.84109765,185.41547296,205.29637286,34.41873098,70.98686881,6.18703824,307.67515754,283.97973212
05.01.2029,284.92788556,161.04016261,303.14134760,266.09423976,185.77580569,205.40383303,34.41682446,70.95363384,6.19775907,307.70437705,283.97896018
06.01.2029,285.94688531,175.33521383,303.46987725,267.34751636,186.13048945,205.50881593,34.41677459,70.92094761,6.20903533,307.73376301,283.97678468
07.01.2029,286.96594089,189.58927881,303.62361418,268.60092947,186.47939008,205.61129780,34.41859305,70.88883289,6.22087348,307.76331694,283.97466113
08.01.2029,287.98505434,203.75808583,303.59107832,269.85447823,186.82236900,205.71125437,34.42229108,70.85731238,6.23327969,307.79304006,283.97454288
09.01.2029,289.00422050,217.80741961,303.36425451,271.10815694,187.15928241,205.80865899,34.42787712,70.82640645,6.24625767,307.82293107,283.97806895
10.01.2029,290.02342588,231.71073516,302.93996058,272.36195408,187.48998113,205.90348162,34.43535527,70.79613179,6.25980718,307.85298484,283.98584378
11.01.2029,291.04264888,245.44625978,302.32118911,273.61585248,187.81431141,205.99568888,34.44472489,70.76650096,6.27392378,307.88319205,283.99696781
12.01.2029,292.06186127,258.99474644,301.51822241,274.86983063,188.13211652,206.08524496,34.45598110,70.73752309,6.28859946,307.91353998,284.00902330
13.01.2029,293.08103055,272.33864941,300.54927689,276.12386469,188.44323885,206.17211335,34.46911613,70.70920517,6.30382410,307.94401397,284.01855633
14.01.2029,294.10012268,285.46293968,299.44044506,277.37793087,188.74752193,206.25625868,34.48412103,70.68155374,6.31958719,307.97459915,284.02184912
15.01.2029,295.11910472,298.35727301,298.22477989,278.63200748,189.04481208,206.33764843,34.50098715,70.65457642,6.33587940,308.00528212,284.01581203
16.01.2029,296.13794671,311.01886238,296.94051646,279.88607646,189.33495911,206.41625388,34.51970716,70.62828281,6.35269362,308.03605191,283.99878983
17.01.2029,297.15662271,323.45529123,295.62861376,281.14012380,189.61781602,206.49205032,34.54027536,70.60268468,6.37002518,308.06690028,283.97109669
18.01.2029,298.17511083,335.68661749,294.32996677,282.39413935,189.89323802,206.56501653,34.56268732,70.57779559,6.38787149,308.09782130,283.93516690
19.01.2029,299.19339277,347.74638817,293.08272076,283.64811603,190.16108116,206.63513389,34.58693920,70.55363007,6.40623129,308.12881061,283.89528208
20.01.2029,300.21145314,359.68147615,291.92008369,284.90204898,190.42120106,206.70238556,34.61302710,70.53020291,6.42510390,308.15986465,283.85690181
21.01.2029,301.22927873,11.55085925,290.86889450,286.15593481,190.67345184,206.76675566,34.64094643,70.50752848,6.44448859,308.19098000,283.82569047
22.01.2029,302.24685793,23.42352769,289.94902101,287.40977095,190.91768544,206.82822878,34.67069150,70.48562023,6.46438406,308.22215284,283.80639835
23.01.2029,303.26418036,35.37563919,289.17349640,288.66355522,191.15375103,206.88678954,34.70225517,70.46449035,6.48478809,308.25337854,283.80180204
24.01.2029,304.28123661,47.48689201,288.54919975,289.91728559,191.38149469,206.94242232,34.73562863,70.44414946,6.50569729,308.28465142,283.81192170
25.01.2029,305.29801822,59.83593421,288.07785489,291.17095995,191.60075892,206.99511092,34.77080113,70.42460634,6.52710677,308.31596440,283.83369948
26.01.2029,306.31451757,72.49454819,287.75714528,292.42457592,191.81138193,207.04483814,34.80775970,70.40586756,6.54900983,308.34730875,283.86125141
27.01.2029,307.33072794,85.52045247,287.58179525,293.67813057,192.01319661,207.09158521,34.84648869,70.38793700,6.57139746,308.37867383,283.88671579
28.01.2029,308.34664375,98.94896508,287.54452681,294.93162040,192.20602942,207.13533148,34.88696976,70.37081570,6.59425826,308.41004717,283.90163141
29.01.2029,309.36226155,112.78454412,287.63685018,296.18504205,192.38969986,207.17605479,34.92918267,70.35450258,6.61757907,308.44141514,283.89866980
30.01.2029,310.37758164,126.99424854,287.84968155,297.43839383,192.56402086,207.21373299,34.97310720,70.33899622,6.64134679,308.47276426,283.87340976
31.01.2029,311.39260992,141.50598025,288.17380168,298.69167765,192.72880021,207.24834613,35.01872583,70.32429753,6.66555091,308.50408322,283.82573276

February,,,,,,,,,,,
01.02.2029,312.40735865,156.21410925,288.60017870,299.94490030,192.88384217,207.27987847,35.06602603,70.31041194,6.69018564,308.53536489,283.76040000
02.02.2029,313.42184513,170.99308892,289.12018118,301.19807285,193.02894862,207.30831899,35.11500081,70.29735001,6.71525043,308.56660707,283.68643690
03.02.2029,314.43608816,185.71634349,289.72570678,302.45120816,193.16391918,207.33366008,35.16564718,70.28512605,6.74074840,308.59781112,283.61530300
04.02.2029,315.45010345,200.27497715,290.40924939,303.70431705,193.28855074,207.35589499,35.21796295,70.27375503,6.76668329,308.62897899,283.55817874
05.02.2029,316.46389952,214.59073514,291.16392369,304.95740500,193.40263726,207.37501526,35.27194356,70.26324958,6.79305638,308.66011023,283.52314694
06.02.2029,317.47747559,228.62033975,291.98346208,306.21047032,193.50597068,207.39100938,35.32757997,70.25361804,6.81986456,308.69120006,283.51310217
07.02.2029,318.49082163,242.35192477,292.86219417,307.46350436,193.59834312,207.40386308,35.38485840,70.24486427,6.84710020,308.72223932,283.52485064
08.02.2029,319.50392017,255.79662162,293.79501574,308.71649310,193.67954973,207.41356075,35.44376129,70.23698864,6.87475226,308.75321554,283.54980239
09.02.2029,320.51674858,268.97875584,294.77735162,309.96941925,193.74939174,207.42008725,35.50426881,70.22998959,6.90280781,308.78411457,283.57576400
10.02.2029,321.52928136,281.92721893,295.80511534,311.22226424,193.80767898,207.42342957,35.56636031,70.22386507,6.93125363,308.81492214,283.58942454
11.02.2029,322.54149217,294.66940592,296.87466813,312.47500985,193.85423192,207.42357809,35.63001553,70.21861365,6.96007731,308.84562504,283.57894025
12.02.2029,323.55335533,307.22814349,297.98277855,313.72763944,193.88888314,207.42052746,35.69521542,70.21423538,6.98926822,308.87621201,283.53612377
13.02.2029,324.56484698,319.62141118,299.12658397,314.98013876,193.91147822,207.41427703,35.76194260,70.21073214,7.01881787,308.90667420,283.45791504
14.02.2029,325.57594561,331.86427501,300.30355411,316.23249613,193.92187610,207.40483074,35.83018136,70.20810761,7.04871987,308.93700510,283.34696132
15.02.2029,326.58663212,343.97222555,301.51145717,317.48470226,193.91994882,207.39219651,35.89991717,70.20636671,7.07896952,308.96720008,283.21126036
16.02.2029,327.59688947,355.96503128,302.74832862,318.73674964,193.90558108,207.37638550,35.97113610,70.20551494,7.10956302,308.99725564,283.06293433
17.02.2029,328.60670235,7.87029493,304.01244294,319.98863199,193.87866985,207.35741124,36.04382411,70.20555765,7.14049686,309.02716877,282.91630814
18.02.2029,329.61605673,19.72611358,305.30228828,321.24034370,193.83912421,207.33528902,36.11796658,70.20649950,7.17176719,309.05693632,282.78556444
19.02.2029,330.62493955,31.58249678,306.61654375,322.49187941,193.78686541,207.31003535,36.19354785,70.20834397,7.20336941,309.08655457,282.68232828
20.02.2029,331.63333835,43.50141098,307.95405933,323.74323358,193.72182712,207.28166748,36.27055094,70.21109303,7.23529778,309.11601879,282.61357349
21.02.2029,332.64124114,55.55539213,309.31383808,324.99440029,193.64395587,207.25020309,36.34895723,70.21474684,7.26754514,309.14532302,282.58021819
22.02.2029,333.64863640,67.82458765,310.69502051,326.24537315,193.55321158,207.21566013,36.42874643,70.21930361,7.30010276,309.17445989,282.57668752
23.02.2029,334.65551332,80.39190289,312.09687090,327.49614534,193.44956792,207.17805659,36.50989645,70.22475951,7.33296028,309.20342049,282.59158592
24.02.2029,335.66186203,93.33574328,313.51876516,328.74670967,193.33301234,207.13741021,36.59238327,70.23110849,7.36610546,309.23219423,282.60946627
25.02.2029,336.66767427,106.71988654,314.96018029,329.99705894,193.20354594,207.09373830,36.67618109,70.23834228,7.39952431,309.26076882,282.61352347
26.02.2029,337.67294484,120.58061074,316.42068579,331.24718697,193.06118357,207.04705824,36.76126313,70.24645125,7.43320179,309.28913104,282.58886988
27.02.2029,338.67767394,134.91266597,317.89993700,332.49709074,192.90595488,206.99738904,36.84760372,70.25542625,7.46712373,309.31726857,282.52585295
28.02.2029,339.68186981,149.65795001,319.39766956,333.74677286,192.73790627,206.94475350,36.93518092,70.26526133,7.50127939,309.34517249,282.42266836

March,,,,,,,,,,,
01.03.2029,340.68554998,164.70271513,320.91369373,334.99624307,192.55710309,206.88918002,37.02397867,70.27595574,7.53566344,309.37283921,282.28643326
02.03.2029,341.68873971,179.88851817,322.44788672,336.24551725,192.36363150,206.83070254,37.11398679,70.28751404,7.57027585,309.40027034,282.13210787
03.03.2029,342.69146724,195.03718622,324.00018317,337.49461376,192.15759968,206.76935836,37.20519844,70.29994369,7.60511945,309.42747019,281.97917557
04.03.2029,343.69375764,209.98267867,325.57056484,338.74354835,191.93913906,206.70518493,37.29760615,70.31325126,7.64019601,309.45444191,281.84681021
05.03.2029,344.69562761,224.59837439,327.15905187,339.99232992,191.70840649,206.63821721,37.39119831,70.32743907,7.67550292,309.48118420,281.74913792
06.03.2029,345.69708332,238.81097732,328.76569703,341.24095896,191.46558780,206.56848712,37.48595774,70.34250399,7.71103198,309.50769020,281.69166063
07.03.2029,346.69812134,252.59955425,330.39058304,342.48942869,191.21090225,206.49602513,37.58186259,70.35843839,7.74677045,309.53394857,281.67024397
08.03.2029,347.69873141,265.98434569,332.03382124,343.73772766,190.94460685,206.42086276,37.67888856,70.37523234,7.78270336,309.55994593,281.67228961
09.03.2029,348.69889946,279.01172864,333.69555025,344.98584249,190.66699928,206.34303487,37.77701093,70.39287574,7.81881568,309.58566896,281.67972169
10.03.2029,349.69860971,291.74010507,335.37593331,346.23375963,190.37841920,206.26258095,37.87620595,70.41135954,7.85509362,309.61110583,281.67282177
11.03.2029,350.69784599,304.22903813,337.07515444,347.48146632,190.07924838,206.17954553,37.97645134,70.43067630,7.89152522,309.63624671,281.63401757
12.03.2029,351.69659255,316.53218996,338.79341359,348.72895110,189.76991006,206.09397833,38.07772652,70.45082029,7.92810053,309.66108400,281.55099168
13.03.2029,352.69483453,328.69377261,340.53092072,349.97620407,189.45086783,206.00593401,38.18001257,70.47178751,7.96481157,309.68561228,281.41870777
14.03.2029,353.69255816,340.74795581,342.28788884,351.22321682,189.12262403,205.91547183,38.28329206,70.49357533,8.00165208,309.70982804,281.24015490
15.03.2029,354.68975052,352.72061786,344.06452555,352.46998203,188.78571757,205.82265490,38.38754841,70.51618198,8.03861694,309.73372911,281.02579119
16.03.2029,355.68639925,4.63278157,345.86102305,353.71649299,188.44072123,205.72754932,38.49276532,70.53960582,8.07570151,309.75731397,280.79182348
17.03.2029,356.68249225,16.50499578,347.67754676,354.96274317,188.08823886,205.63022346,38.59892614,70.56384472,8.11290100,309.78058114,280.55759438
18.03.2029,357.67801757,28.36188826,349.51422193,356.20872589,187.72890246,205.53074729,38.70601352,70.58889568,8.15021005,309.80352874,280.34246522
19.03.2029,358.67296323,40.23616416,351.37111820,357.45443414,187.36336904,205.42919190,38.81400903,70.61475441,8.18762238,309.82615408,280.16266813
20.03.2029,359.66731711,52.17147330,353.24823140,358.69986028,186.99231745,205.32562892,38.92289284,70.64141500,8.22513041,309.84845333,280.02862074
21.03.2029,0.66106687,64.22373956,355.14546244,359.94499592,186.61644491,205.22013015,39.03264353,70.66886966,8.26272502,309.87042122,279.94313354
22.03.2029,1.65420012,76.46064586,357.06259314,1.18983177,186.23646372,205.11276727,39.14323802,70.69710869,8.30039554,309.89205103,279.90080680
23.03.2029,2.64670491,88.95892618,358.99925857,2.43435773,185.85309778,205.00361189,39.25465182,70.72612065,8.33812991,309.91333468,279.88875520
24.03.2029,3.63857031,101.79894993,0.95491574,3.67856288,185.46707881,204.89273548,39.36685921,70.75589256,8.37591491,309.93426299,279.88864399
25.03.2029,4.62978733,115.05592674,2.92880884,4.92243616,185.07914237,204.78020942,39.47983371,70.78641024,8.41373657,309.95482594,279.87985950
26.03.2029,5.62035056,128.78723776,4.91993443,6.16596833,184.69002415,204.66610559,39.59354901,70.81765928,8.45158090,309.97501357,279.84343169
27.03.2029,6.61026071,143.01640555,6.92700790,7.40915473,184.30045706,204.55049770,39.70798082,70.84962674,8.48943443,309.99481770,279.76607529
28.03.2029,7.59952739,157.71646056,8.94837191,8.65199802,183.91116938,204.43346310,39.82310917,70.88230347,8.52727863,310.01423405,279.64348163
29.03.2029,8.58817074,172.79856749,10.98201737,9.89450930,183.52288322,204.31508398,39.93891997,70.91568562,8.56507980,310.03326357,279.48188432
30.03.2029,9.57622001,188.11360912,13.02552967,11.13670678,183.13631297,204.19544659,40.05540435,70.94977398,8.60288100,310.05191174,279.29707464
31.03.2029,10.56370883,203.47166345,15.07602219,12.37861172,182.75216328,204.07463854,40.17255552,70.98457106,8.64072150,310.07018541,279.11073492

April,,,,,,,,,,,
01.04.2029,11.55066871,218.67604859,17.13011257,13.62024301,182.37112753,203.95274523,40.29036456,71.02007696,8.67857124,310.08808869,278.94499578
02.04.2029,12.53712356,233.55983596,19.18390417,14.86161288,181.99388740,203.82984760,40.40881717,71.05628639,8.71641580,310.10561995,278.81679134
03.04.2029,13.52308733,248.01112770,21.23298666,16.10272545,181.62111371,203.70602238,40.52789302,71.09318815,8.75424301,310.12277152,278.73376664
04.04.2029,14.50856514,261.98045942,23.27246082,17.34357836,181.25346773,203.58134462,40.64756769,71.13076718,8.79203780,310.13953186,278.69292442
05.04.2029,15.49355629,275.47298063,25.29698858,18.58416578,180.89160155,203.45589085,40.76781559,71.16900750,8.82978419,310.15588867,278.68185070
06.04.2029,16.47805721,288.53282309,27.30086712,19.82448106,180.53615670,203.32974137,40.88861232,71.20789452,8.86746758,310.17183138,278.68193943
07.04.2029,17.46206321,301.22644999,29.27812428,21.06451818,180.18776094,203.20298094,41.00993564,71.24741599,8.90507581,310.18735208,278.67251374
08.04.2029,18.44556927,313.62878885,31.22263045,22.30427208,179.84702433,203.07569848,41.13176543,71.28756191,8.94259905,310.20244554,278.63488046
09.04.2029,19.42857027,325.81331269,33.12822169,23.54373859,179.51453538,202.94798627,41.25408335,71.32832406,8.98002952,310.21710876,278.55563783
10.04.2029,20.41106108,337.84583878,34.98882227,24.78291435,179.19085784,202.81993937,41.37687243,71.36969567,9.01736104,310.23134057,278.42881180
11.04.2029,21.39303657,349.78139250,36.79856198,26.02179651,178.87652788,202.69165490,41.50011674,71.41167093,9.05458868,310.24514126,278.25662250
12.04.2029,22.37449126,1.66353036,38.55187529,27.26038230,178.57205161,202.56323125,41.62380080,71.45424448,9.09170813,310.25851191,278.04888592
13.04.2029,23.35541891,13.52564943,40.24357834,28.49866850,178.27790276,202.43476718,41.74790894,71.49741068,9.12871510,310.27145381,277.82123198
14.04.2029,24.33581222,25.39385798,41.86891981,29.73665095,177.99452083,202.30636109,41.87242481,71.54116314,9.16560475,310.28396787,277.59246351
15.04.2029,25.31566277,37.29091792,43.42360556,30.97432437,177.72230963,202.17811042,41.99733103,71.58549431,9.20237138,310.29605427,277.38148590
16.04.2029,26.29496098,49.24065577,44.90379922,32.21168219,177.46163616,202.05011115,42.12260899,71.63039527,9.23900816,310.30771223,277.20428499
17.04.2029,27.27369613,61.27215187,46.30610321,33.44871636,177.21282977,201.92245724,42.24823856,71.67585541,9.27550680,310.31893963,277.07140725
18.04.2029,28.25185648,73.42301948,47.62752601,34.68541730,176.97618159,201.79524019,42.37419790,71.72186223,9.31185742,310.32973287,276.98630530
19.04.2029,29.22942964,85.74114660,48.86544197,35.92177416,176.75194459,201.66854887,42.50046362,71.76840142,9.34804854,310.34008689,276.94478298
20.04.2029,30.20640341,98.28434204,50.01754950,37.15777539,176.54033412,201.54246971,42.62701122,71.81545735,9.38406760,310.34999559,276.93564062
21.04.2029,31.18276678,111.11733412,51.08183272,38.39340956,176.34152885,201.41708699,42.75381575,71.86301361,9.41990152,310.35945243,276.94249629
22.04.2029,32.15851123,124.30554371,52.05653055,39.62866636,176.15567194,201.29248333,42.88085260,71.91105383,9.45553742,310.36845111,276.94662023
23.04.2029,33.13363239,137.90516351,52.94011679,40.86353799,175.98287272,201.16874038,43.00809854,71.95956264,9.49096363,310.37698659,276.93043796
24.04.2029,34.10813223,151.94967039,53.73129373,42.09802104,175.82320909,201.04593993,43.13553326,72.00852718,9.52617113,310.38505639,276.88113871
25.04.2029,35.08202142,166.43440049,54.42900017,43.33211845,175.67673060,200.92416516,43.26314089,72.05793861,9.56115499,310.39266209,276.79362197
26.04.2029,36.05532038,181.30324033,55.03243374,44.56584054,175.54346150,200.80350099,43.39091065,72.10779267,9.59591485,310.39980975,276.67191881
27.04.2029,37.02805801,196.44371442,55.54108591,45.79920381,175.42340320,200.68403286,43.51883547,72.15808842,9.63045361,310.40650848,276.52850101
28.04.2029,38.00026771,211.69633570,55.95478882,47.03222753,175.31653598,200.56584374,43.64690871,72.20882505,9.66477403,310.41276716,276.38127989
29.04.2029,38.97198197,226.87902622,56.27377332,48.26492923,175.22282083,200.44901108,43.77512029,72.25999814,9.69887506,310.41859068,276.24912985
30.04.2029,39.94322783,241.81960055,56.49873818,49.49732135,175.14220234,200.33360524,43.90345418,72.31159742,9.73274952,310.42397775,276.14714947

May,,,,,,,,,,,
01.05.2029,40.91402495,256.38453474,56.63092947,50.72941031,175.07461278,200.21969058,44.03188847,72.36360714,9.76638450,310.42892139,276.08316298
02.05.2029,41.88438658,270.49472957,56.67222700,51.96119820,175.01997654,200.10732860,44.16039736,72.41600871,9.79976414,310.43341174,276.05634537
03.05.2029,42.85432193,284.12636469,56.62523239,53.19268540,174.97821342,199.99658128,44.28895310,72.46878389,9.83287292,310.43743946,276.05803083
04.05.2029,43.82383836,297.30119863,56.49335230,54.42387265,174.94923986,199.88751326,44.41752740,72.52191704,9.86569799,310.44099808,276.07416909
05.05.2029,44.79294245,310.07253326,56.28086944,55.65476177,174.93296833,199.78019207,44.54610047,72.57539561,9.89822975,310.44408463,276.08858002
06.05.2029,45.76164010,322.51153341,55.99299489,56.88535539,174.92930575,199.67468728,44.67466936,72.62920962,9.93046136,310.44669907,276.08621698
07.05.2029,46.72993639,334.69616473,55.63589490,58.11565642,174.93815216,199.57106931,44.80322485,72.68335078,9.96238787,310.44884346,276.05586024
08.05.2029,47.69783544,346.70323732,55.21668602,59.34566766,174.95939994,199.46940852,44.93174683,72.73781181,9.99400559,310.45052129,275.99187696
09.05.2029,48.66534028,358.60320130,54.74339296,60.57539145,174.99293356,199.36977451,45.06021679,72.79258596,10.02531152,310.45173695,275.89487961
10.05.2029,49.63245260,10.45715623,54.22486610,61.80482926,175.03862940,199.27223538,45.18861883,72.84766645,10.05630291,310.45249516,275.77129517
11.05.2029,50.59917228,22.31564334,53.67065822,63.03398118,175.09635567,199.17685711,45.31693761,72.90304591,10.08697661,310.45280043,275.63201255
12.05.2029,51.56549712,34.21894460,53.09086409,64.26284548,175.16597235,199.08370287,45.44515711,72.95871594,10.11732865,310.45265659,275.49039231
13.05.2029,52.53142263,46.19868657,52.49592931,65.49141831,175.24733123,198.99283269,45.57326009,73.01466677,10.14735396,310.45206648,275.35999102
14.05.2029,53.49694198,58.28050101,51.89643807,66.71969357,175.34027587,198.90430301,45.70122783,73.07088708,10.17704612,310.45103171,275.25236616
15.05.2029,54.46204609,70.48735401,51.30289160,67.94766268,175.44464157,198.81816631,45.82903989,73.12736375,10.20639716,310.44955246,275.17528487
16.05.2029,55.42672382,82.84298406,50.72549010,69.17531470,175.56025538,198.73447088,45.95667409,73.18408180,10.23539747,310.44762736,275.13157592
17.05.2029,56.39096276,95.37475653,50.17393070,70.40263672,175.68693656,198.65326090,46.08410680,73.24102466,10.26403611,310.44525375,275.11876688
18.05.2029,57.35475035,108.11518949,49.65723249,71.62961483,175.82449740,198.57457698,46.21131377,73.29817494,10.29230151,310.44242839,275.12955950
19.05.2029,58.31807550,121.10144819,49.18359624,72.85623538,175.97274457,198.49845698,46.33827110,73.35551539,10.32018242,310.43914840,275.15311311
20.05.2029,59.28093027,134.37222899,48.76030376,74.08248635,176.13148045,198.42493697,46.46495644,73.41303001,10.34766904,310.43541232,275.17699920
21.05.2029,60.24331153,147.96171302,48.39365814,75.30835875,176.30050477,198.35405209,46.59135001,73.47070512,10.37475396,310.43122104,275.18954755
22.05.2029,61.20522268,161.89077185,48.08896324,76.53384802,176.47961613,198.28583743,46.71743560,73.52853026,10.40143311,310.42657867,275.18216913
23.05.2029,62.16667492,176.15652000,47.85053799,77.75895503,176.66861363,198.22032849,46.84320111,73.58649874,10.42770619,310.42149302,275.15118790
24.05.2029,63.12768735,190.72262003,47.68175884,78.98368612,176.86729779,198.15756078,46.96863805,73.64460718,10.45357613,310.41597498,275.09866326
25.05.2029,64.08828553,205.51396698,47.58512313,80.20805165,177.07547070,198.09756814,47.09373960,73.70285361,10.47904714,310.41003652,275.03171891
26.05.2029,65.04849829,220.41945438,47.56232663,81.43206325,177.29293565,198.04038021,47.21849759,73.76123451,10.50412165,310.40368771,274.96081683
27.05.2029,66.00835411,235.30441250,47.61435030,82.65573092,177.51949711,197.98602021,47.34289953,73.81974204,10.52879752,310.39693390,274.89707643
28.05.2029,66.96787837,250.03036944,47.74155252,83.87906123,177.75496208,197.93450447,47.46692736,73.87836292,10.55306685,310.38977462,274.84953643
29.05.2029,67.92709261,264.47625663,47.94376396,85.10205759,177.99914288,197.88584418,47.59055838,73.93707953,10.57691718,310.38220482,274.82327838
30.05.2029,68.88601537,278.55462419,48.22038159,86.32472193,178.25186044,197.84004865,47.71376799,73.99587285,10.60033436,310.37421789,274.81859439
31.05.2029,69.84466378,292.21917755,48.57045850,87.54705678,178.51294658,197.79712847,47.83653266,74.05472555,10.62330567,310.36580876,274.83143360

June,,,,,,,,,,,
01.06.2029,70.80305460,305.46381896,48.99278622,88.76906640,178.78224439,197.75709728,47.95883168,74.11362416,10.64582170,310.35697588,274.85472894
02.06.2029,71.76120431,318.31596588,49.48596776,89.99075668,179.05960671,197.71997174,48.08064749,74.17256048,10.66787663,310.34772145,274.88015166
03.06.2029,72.71912848,330.82744182,50.04848094,91.21213425,179.34489377,197.68577042,48.20196483,74.23153618,10.68946738,310.33805065,274.89986594
04.06.2029,73.67684121,343.06539170,50.67873255,92.43320546,179.63797094,197.65451246,48.32276970,74.29061534,10.71059257,310.32797045,274.90794561
05.06.2029,74.63435473,355.10449844,51.37510395,93.65397575,179.93870705,197.62621647,48.44304858,74.34896244,10.73125160,310.31748881,274.90125484
06.06.2029,75.59167919,7.02086755,52.13598876,94.87444920,180.24697333,197.60089986,48.56278781,74.40825890,10.75144412,310.30661401,274.87972314
07.06.2029,76.54882248,18.88745955,52.95982325,96.09462820,180.56264274,197.57857830,48.68197324,74.46727155,10.77116956,310.29535423,274.84604765
08.06.2029,77.50578995,30.77079859,53.84511021,97.31451309,180.88558930,197.55926523,48.80058977,74.52624469,10.79042666,310.28371708,274.80494130
09.06.2029,78.46258406,42.72872433,54.79043710,98.53410173,181.21568757,197.54297144,48.91862103,74.58518758,10.80921318,310.27170924,274.76210746
10.06.2029,79.41920414,54.80906551,55.79448927,99.75338920,181.55281207,197.52970481,49.03604909,74.64409400,10.82752561,310.25933621,274.72314619
11.06.2029,80.37564618,67.04920376,56.85605879,100.97236747,181.89683671,197.51946997,49.15285436,74.70295309,10.84535895,310.24660208,274.69258452
12.06.2029,81.33190276,79.47652149,57.97404932,102.19102518,182.24763417,197.51226805,49.26901534,74.76175122,10.86270657,310.23350934,274.67318037
13.06.2029,82.28796336,92.10965263,59.14747763,103.40934761,182.60507538,197.50809661,49.38450885,74.82047256,10.87956030,310.22005897,274.66559103
14.06.2029,83.24381532,104.96030012,60.37547204,104.62731756,182.96902953,197.50695007,49.49931058,74.87909986,10.89591096,310.20625097,274.66843585
15.06.2029,84.19944544,118.03519323,61.65726784,105.84491630,183.33936471,197.50882057,49.61339622,74.93761561,10.91174941,310.19208530,274.67872621
16.06.2029,85.15484208,131.33761420,62.99219941,107.06212533,183.71594887,197.51369925,49.72674287,74.99600343,10.92706787,310.17756327,274.69257987
17.06.2029,86.10999726,144.86790793,64.37968838,108.27892809,184.09865112,197.52157740,49.83933039,75.05424940,10.94186122,310.16268868,274.70608187
18.06.2029,87.06490833,158.62253457,65.81922713,109.49531129,184.48734270,197.53244733,49.95114227,75.11234289,10.95612773,310.14746861,274.71611678
19.06.2029,88.01957905,172.59156761,67.31035714,110.71126567,184.88189767,197.54630259,50.06216583,75.17027683,10.96986927,310.13191356,274.72098243
20.06.2029,88.97401974,186.75504255,68.85264159,111.92678594,185.28219306,197.56313753,50.17239166,75.22804708,10.98309062,310.11603674,274.72060436
21.06.2029,89.92824644,201.07910862,70.44563186,113.14187000,185.68810839,197.58294605,50.28181208,75.28565100,10.99579795,310.09985254,274.71631062
22.06.2029,90.88227919,215.51338670,72.08882776,114.35651724,186.09952482,197.60571975,50.39041890,75.34308526,11.00799660,310.08337432,274.71022344
23.06.2029,91.83613975,229.99099631,73.78163226,115.57072673,186.51632431,197.63144605,50.49820108,75.40034355,11.01968877,310.06661209,274.70449868
24.06.2029,92.78984976,244.43221061,75.52330165,116.78449595,186.93838971,197.66010717,50.60514307,75.45741510,11.03087196,310.04957104,274.70059093
25.06.2029,93.74342983,258.75164492,77.31289314,117.99782068,187.36560613,197.69168071,50.71122475,75.51428471,11.04153904,310.03225163,274.69887532
26.06.2029,94.69689989,272.86767230,79.14921142,119.21069626,187.79786355,197.72614168,50.81642294,75.57093437,11.05167998,310.01465138,274.69865065
27.06.2029,95.65028025,286.71196956,81.03075609,120.42311943,188.23505970,197.76346547,50.92071397,75.62734593,11.06128449,309.99676762,274.69852524
28.06.2029,96.60359246,300.23709974,82.95567212,121.63508981,188.67710203,197.80363031,51.02407596,75.68350341,11.07034451,309.97859998,274.69699222
29.06.2029,97.55685942,313.42079467,84.92170653,122.84661030,189.12390796,197.84661842,51.12649009,75.73939420,11.07885548,309.96015171,274.69301713
30.06.2029,98.51010459,326.26666439,86.92617573,124.05768629,189.57540360,197.89241571,51.22794044,75.79500898,11.08681630,309.94142965,274.68646059

July,,,,,,,,,,,
01.07.2029,99.46335073,338.80195870,88.96594856,125.26832424,190.03152154,197.94101063,51.32841317,75.85034072,11.09422839,309.92244325,274.67822331
02.07.2029,100.41661888,351.07344496,91.03745022,126.47853034,190.49219863,197.99239269,51.42789532,75.90538345,11.10109449,309.90320341,274.67008354
03.07.2029,101.36992759,3.14246085,93.13669026,127.68830953,190.95737433,198.04655140,51.52637396,75.96013141,11.10741780,309.88372152,274.66427781
04.07.2029,102.32329267,15.07991194,95.25931614,128.89766492,191.42698954,198.10347548,51.62383561,76.01457835,11.11320130,309.86400881,274.66292823
05.07.2029,103.27672695,26.96161441,97.40069066,130.10659749,191.90098589,198.16315241,51.72026585,76.06871716,11.11844735,309.84407589,274.66744255
06.07.2029,104.23024016,38.86407367,99.55598897,131.31510580,192.37930527,198.22556807,51.81564908,76.12253962,11.12315742,309.82393253,274.67802042
07.07.2029,105.18383870,50.86060255,101.72030909,132.52318578,192.86188937,198.29070653,51.90996829,76.17603610,11.12733189,309.80358736,274.69338745
08.07.2029,106.13752532,63.01763059,103.88878656,133.73083034,193.34867928,198.35854974,52.00320491,76.22919545,11.13096980,309.78304768,274.71083597
09.07.2029,107.09129883,75.39111959,106.05670837,134.93802902,193.83961498,198.42907733,52.09533862,76.28200473,11.13406870,309.76231928,274.72659042
10.07.2029,108.04515381,88.02315938,108.21961870,136.14476765,194.33463470,198.50226636,52.18634728,76.33444918,11.13662459,309.74140635,274.73645927
11.07.2029,108.99908080,100.93903455,110.37335818,137.35102823,194.83367462,198.57809141,52.27620727,76.38651239,11.13863208,309.72031162,274.73668927
12.07.2029,109.95306733,114.14526365,112.51417320,138.55678961,195.33666894,198.65652523,52.36489429,76.43817715,11.14008524,309.69903720,274.72488471
13.07.2029,110.90709973,127.62920978,114.63874690,139.76202877,195.84355065,198.73753988,52.45238486,76.48942681,11.14097897,309.67758585,274.70079434
14.07.2029,111.86116557,141.36075281,116.74419660,140.96672269,196.35425269,198.82110831,52.53865811,76.54024702,11.14131060,309.65596260,274.66673728
15.07.2029,112.81525607,155.29611134,118.82807687,142.17085011,196.86870908,198.90720554,52.62369711,76.59062702,11.14108121,309.63417600,274.62747147
16.07.2029,113.76936764,169.38327598,120.88836099,143.37439255,197.38685550,198.99580914,52.70748936,76.64056009,11.14029598,309.61223838,274.58940964
17.07.2029,114.72350237,183.56792051,122.92340937,144.57733438,197.90862911,199.08689858,52.79002605,76.69004284,11.13896333,309.59016505,274.55924386
18.07.2029,115.67766724,197.79839252,124.93192988,145.77966196,198.43396768,199.18045375,52.87130025,76.73907346,11.13709320,309.56797251,274.54224779
19.07.2029,116.63187277,212.02864554,126.91293403,146.98136230,198.96280851,199.27645310,52.95130473,76.78764955,11.13469476,309.54567621,274.54080784
20.07.2029,117.58613136,226.21871115,128.86569234,148.18242174,199.49508760,199.37487200,53.03002985,76.83576616,11.13177446,309.52328859,274.55353816
21.07.2029,118.54045623,240.33315607,130.78969167,149.38282536,200.03073959,199.47568193,53.10746226,76.88341459,11.12833475,309.50081789,274.57529920
22.07.2029,119.49486103,254.33863334,132.68459598,150.58255722,200.56969871,199.57885072,53.18358467,76.93058223,11.12437404,309.47826811,274.59821546
23.07.2029,120.44936028,268.20185216,134.55021153,151.78160154,201.11190071,199.68434395,53.25837686,76.97725367,11.11988777,309.45564015,274.61333147
24.07.2029,121.40397039,281.88906627,136.38645638,152.97994447,201.65728531,199.79212706,53.33181742,77.02341256,11.11487034,309.43293380,274.61253603
25.07.2029,122.35871061,295.36759840,138.19333380,154.17757576,202.20579844,199.90216757,53.40388577,77.06904364,11.10931720,309.41014990,274.59029823
26.07.2029,123.31360335,308.60918720,139.97090856,155.37448967,202.75739364,200.01443664,53.47456367,77.11413425,11.10322651,309.38729196,274.54484932
27.07.2029,124.26867374,321.59431228,141.71928572,156.57068489,203.31203218,200.12890956,53.54383577,77.15867495,11.09659972,309.36436685,274.47860361
28.07.2029,125.22394831,334.31635476,143.43859143,157.76616345,203.86968192,200.24556525,53.61168933,77.20265908,11.08944127,309.34138441,274.39777904
29.07.2029,126.17945348,346.78457532,145.12895581,158.96092905,204.43031558,200.36438506,53.67811318,77.24608178,11.08175762,309.31835657,274.31131995
30.07.2029,127.13521408,359.02535230,146.79049815,160.15498560,204.99390887,200.48535144,53.74309679,77.28893889,11.07355619,309.29529614,274.22932022
31.07.2029,128.09125246,11.08164855,148.42331430,161.34833594,205.56043893,200.60844689,53.80662932,77.33122606,11.06484440,309.27221595,274.16121673

August,,,,,,,,,,,
01.08.2029,129.04758791,23.01105454,150.02746591,162.54098117,206.12988333,200.73365328,53.86869917,77.37293814,11.05562915,309.24912823,274.11406495
02.08.2029,130.00423645,34.88287231,151.60297120,163.73292022,206.70221942,200.86095133,53.92929361,77.41406884,11.04591646,309.22604425,274.09119388
03.08.2029,130.96121073,46.77459127,153.14979676,164.92414961,207.27742388,200.99032041,53.98839868,77.45461057,11.03571122,309.20297407,274.09146692
04.08.2029,131.91851987,58.76787857,154.66785001,166.11466335,207.85547250,201.12173839,54.04599903,77.49455430,11.02501716,309.17992647,274.10927791
05.08.2029,132.87616926,70.94397491,156.15697200,167.30445265,208.43633992,201.25518145,54.10207795,77.53388950,11.01383669,309.15690880,274.13531057
06.08.2029,133.83416022,83.37824855,157.61693033,168.49350561,209.01999934,201.39062400,54.15661724,77.57260406,11.00217091,309.13392695,274.15799037
07.08.2029,134.79248967,96.13370792,159.04741203,169.68180687,209.60642213,201.52803851,54.20959734,77.61068427,10.99001954,309.11098532,274.16545902
08.08.2029,135.75115011,109.25360137,160.44801653,170.86933732,210.19557761,201.66739571,54.26099765,77.64811519,10.97738131,309.08808713,274.14780951
09.08.2029,136.71013038,122.75389426,161.81824902,172.05607457,210.78743336,201.80866535,54.31079764,77.68488160,10.96425490,309.06523532,274.09923098
10.08.2029,137.66941734,136.61731437,163.15751419,173.24199400,211.38195603,201.95181761,54.35897859,77.72096966,10.95064055,309.04243418,274.01962912
11.08.2029,138.62899835,150.79138442,164.46511005,174.42707033,211.97911253,202.09682476,54.40552556,77.75636880,10.93654191,309.01969106,273.91524485
12.08.2029,139.58886345,165.19269788,165.74022107,175.61127893,212.57887080,202.24366229,54.45042867,77.79107297,10.92196717,308.99701750,273.79787782
13.08.2029,140.54900670,179.71805671,166.98190988,176.79459622,213.18119963,202.39230872,54.49368303,77.82508045,10.90692882,308.97442894,273.68261176
14.08.2029,141.50942602,194.26031049,168.18910718,177.97699888,213.78606737,202.54274397,54.53528688,77.85839212,10.89144173,308.95194278,273.58442630
15.08.2029,142.47012203,208.72437265,169.36060039,179.15846244,214.39344024,202.69494704,54.57523882,77.89100873,10.87552042,308.92957569,273.51456445
16.08.2029,143.43109665,223.03862280,170.49502178,180.33896004,215.00328101,202.84889381,54.61353519,77.92292840,10.85917650,308.90734102,273.47764673
17.08.2029,144.39235234,237.15902651,171.59083691,181.51846224,215.61554897,203.00455618,54.65016862,77.95414529,10.84241731,308.88524759,273.47037911
18.08.2029,145.35389241,251.06632227,172.64633355,182.69693791,216.23020114,203.16190251,54.68512805,77.98464973,10.82524609,308.86329984,273.48229220
19.08.2029,146.31572191,264.75877797,173.65961091,183.87435605,216.84719439,203.32089919,54.71839987,78.01442951,10.80766329,308.84149925,273.49803644
20.08.2029,147.27784887,278.24361451,174.62856862,185.05068766,217.46648774,203.48151256,54.74996962,78.04347153,10.78966835,308.81984613,273.50074724
21.08.2029,148.24028519,291.52962062,175.55089550,186.22590743,218.08804441,203.64371070,54.77982358,78.07176355,10.77126142,308.79834142,273.47550815
22.08.2029,149.20304712,304.62248529,176.42405788,187.39999479,218.71183310,203.80746470,54.80794999,78.09929538,10.75244467,308.77698799,273.41224230
23.08.2029,150.16615503,317.52338910,177.24528824,188.57293419,219.33782865,203.97274928,54.83433978,78.12605955,10.73322303,308.75579142,273.30753766
24.08.2029,151.12963265,330.23058726,178.01157475,189.74471468,219.96601175,204.13954280,54.85898655,78.15205136,10.71360422,308.73476003,273.16517153
25.08.2029,152.09350563,342.74311592,178.71965287,190.91532878,220.59636802,204.30782650,54.88188608,78.17726827,10.69359826,308.71390439,272.99534463
26.08.2029,153.05780005,355.06541835,179.36600089,192.08477096,221.22888659,204.47758343,54.90303542,78.20170896,10.67321653,308.69323636,272.81283492
27.08.2029,154.02254088,7.21169556,179.94684147,193.25303613,221.86355862,204.64879729,54.92243200,78.22537238,10.65247081,308.67276811,272.63442477
28.08.2029,154.98775092,19.20909308,180.45815203,194.42011845,222.50037609,204.82145157,54.94007290,78.24825696,10.63137250,308.65251135,272.47603961
29.08.2029,155.95345018,31.09929383,180.89568706,195.58601048,223.13933092,204.99552888,54.95595445,78.27036016,10.60993220,308.63247683,272.35006063
30.08.2029,156.91965551,42.93850580,181.25501578,196.75070275,223.78041447,205.17101067,54.97007203,78.29167822,10.58815940,308.61267407,272.26323219
31.08.2029,157.88638044,54.79604823,181.53157980,197.91418340,224.42361712,205.34787695,54.98241996,78.31220601,10.56606237,308.59311120,272.21548061

September,,,,,,,,,,,
01.09.2029,158.85363509,66.75171788,181.72077543,199.07643803,225.06892810,205.52610623,54.99299152,78.33193700,10.54364805,308.57379487,272.19981770
02.09.2029,159.82142605,78.89191665,181.81806678,200.23744961,225.71633544,205.70567549,55.00177902,78.35086331,10.52092220,308.55473033,272.20335807
03.09.2029,160.78975625,91.30424641,181.81913528,201.39719834,226.36582587,205.88656023,55.00877394,78.36897588,10.49788943,308.53592152,272.20935229
04.09.2029,161.75862470,104.07008291,181.72007171,202.55566140,227.01738477,206.06873455,55.01396721,78.38626454,10.47455342,308.51737122,272.20002016
05.09.2029,162.72802636,117.25474138,181.51761554,203.71281270,227.67099615,206.25217142,55.01734966,78.40271855,10.45091733,308.49908148,272.15984054
06.09.2029,163.69795262,130.89551387,181.20944473,204.86862302,228.32664306,206.43684346,55.01891318,78.41832759,10.42698483,308.48105458,272.07880484
07.09.2029,164.66839251,144.98931018,180.79451437,206.02306060,228.98430849,206.62272445,55.01865253,78.43308343,10.40276173,308.46329465,271.95498502
08.09.2029,165.63933453,159.48362348,180.27343668,207.17609191,229.64397632,206.80979092,55.01656731,78.44698187,10.37825784,308.44580941,271.79566455
09.09.2029,166.61076821,174.27589306,179.64888538,208.32768188,230.30563159,206.99802296,55.01266306,78.46002373,10.35348781,308.42861106,271.61638299
10.09.2029,167.58268467,189.22511877,178.92599745,209.47779291,230.96925925,207.18740341,55.00695046,78.47221400,10.32847021,308.41171523,271.43773811
11.09.2029,168.55507584,204.17485843,178.11273439,210.62638297,231.63484179,207.37791534,54.99944262,78.48355921,10.30322476,308.39513824,271.28057061
12.09.2029,169.52793323,218.98073300,177.22015577,211.77340372,232.30235674,207.56953901,54.99015152,78.49406402,10.27776880,308.37889364,271.16070709
13.09.2029,170.50124733,233.53281285,176.26255265,212.91879998,232.97177551,207.76224997,54.97908541,78.50372874,10.25211485,308.36298978,271.08501885
14.09.2029,171.47500836,247.76619790,175.25739024,214.06251114,233.64306449,207.95601906,54.96624826,78.51254900,10.22627019,308.34742950,271.04981265
15.09.2029,172.44920816,261.65918381,174.22502157,215.20447418,234.31618776,208.15081434,54.95164106,78.52051719,10.20023848,308.33221185,271.04192898
16.09.2029,173.42384239,275.22312614,173.18815728,216.34462685,234.99111041,208.34660372,54.93526424,78.52762491,10.17402219,308.31733454,271.04199727
17.09.2029,174.39891194,288.48930864,172.17110950,217.48291009,235.66780102,208.54335710,54.91711954,78.53386494,10.14762477,308.30279616,271.02876886
18.09.2029,175.37442328,301.49683169,171.19886300,218.61926914,236.34623302,208.74104752,54.89721122,78.53923243,10.12105174,308.28859735,270.98348545
19.09.2029,176.35038807,314.28360787,170.29605582,219.75365365,237.02638499,208.93965141,54.87554634,78.54372515,10.09431116,308.27474120,270.89339150
20.09.2029,177.32682229,326.88110469,169.48596748,220.88601723,237.70824042,209.13914838,54.85213469,78.54734340,10.06741348,308.26123316,270.75386374
21.09.2029,178.30374523,339.31265534,168.78960970,222.01631674,238.39178719,209.33952082,54.82698845,78.55008963,10.04037123,308.24808073,270.56895889
22.09.2029,179.28117828,351.59473411,168.22499558,223.14451123,239.07701665,209.54075304,54.80012160,78.55196782,10.01319839,308.23529280,270.35043745
23.09.2029,180.25914354,3.74034473,167.80663307,224.27056065,239.76392254,209.74283043,54.77154915,78.55298259,9.98590959,308.22287880,270.11554083
24.09.2029,181.23766249,15.76352325,167.54525550,225.39442456,240.45249985,209.94573839,54.74128630,78.55313842,9.95851924,308.21084792,269.88396953
25.09.2029,182.21675502,27.68396255,167.44777326,226.51606109,241.14274393,210.14946166,54.70934795,78.55243902,9.93104093,308.19920841,269.67459761
26.09.2029,183.19643874,39.53092990,167.51741130,227.63542614,241.83464987,210.35398392,54.67574841,78.55088701,9.90348717,308.18796731,269.50244862
27.09.2029,184.17672867,51.34594014,167.75398815,228.75247292,242.52821216,210.55928748,54.64050134,78.54848384,9.87586919,308.17713030,269.37636740
28.09.2029,185.15763690,63.18394360,168.15429220,229.86715146,243.22342434,210.76535321,54.60361967,78.54522964,9.84819687,308.16670152,269.29768607
29.09.2029,186.13917248,75.11296337,168.71251695,230.97940838,243.92027887,210.97216036,54.56511570,78.54112330,9.82047873,308.15668365,269.26003656
30.09.2029,187.12134141,87.21211231,169.42072477,232.08918682,244.61876716,211.17968678,54.52500127,78.53616263,9.79272214,308.14707801,269.25033044

October,,,,,,,,,,,
01.10.2029,188.10414672,99.56773379,170.26931607,233.19642643,245.31887976,211.38790913,54.48328819,78.53034470,9.76493360,308.13788494,269.25081829
02.10.2029,189.08758848,112.26714839,171.24748731,234.30106338,246.02060659,211.59680319,54.43998867,78.52366626,9.73711921,308.12910414,269.24203633
03.10.2029,190.07166378,125.38933283,172.34366148,235.40303021,246.72393716,211.80634427,54.39511594,78.51612429,9.70928516,308.12073522,269.20631511
04.10.2029,191.05636697,138.99215544,173.54588478,236.50225575,247.42886108,212.01650801,54.34868533,78.50771702,9.68143869,308.11277862,269.13134715
05.10.2029,192.04169038,153.09698277,174.84217598,237.59866516,248.13536889,212.22727165,54.30071587,78.49844539,9.65358961,308.10523707,269.01311998
06.10.2029,193.02762525,167.67378334,176.22082372,238.69217965,248.84345271,212.43861538,54.25123200,78.48831469,9.62575176,308.09811702,268.85739847
07.10.2029,194.01416210,182.63259090,177.67062579,239.78271510,249.55310591,212.65052268,54.20026416,78.47733512,9.59794351,308.09142906,268.67901516
08.10.2029,195.00128999,197.82809216,179.18106857,240.87017908,250.26432095,212.86297885,54.14784744,78.46552039,9.57018620,308.08518640,268.49870357
09.10.2029,195.98899491,213.08046673,180.74244891,241.95446716,250.97708598,213.07596797,54.09401824,78.45288448,9.54250077,308.07940145,268.33812699
10.10.2029,196.97725851,228.20771371,182.34594474,243.03546005,251.69138175,213.28946966,54.03881044,78.43943802,9.51490410,308.07408221,268.21429629
11.10.2029,197.96605865,243.05786602,183.98364304,244.11302373,252.40718076,213.50345757,53.98225312,78.42518627,9.48740688,308.06923024,268.13545375
12.10.2029,198.95537193,257.52966325,185.64853429,245.18701260,253.12444937,213.71790051,53.92437089,78.41012961,9.46001422,308.06484141,268.09917441
13.10.2029,199.94517758,271.57722632,187.33448122,246.25727466,253.84315198,213.93276557,53.86518638,78.39426629,9.43272849,308.06090874,268.09349110
14.10.2029,200.93546072,285.20192555,189.03616860,247.32365636,254.56325516,214.14802147,53.80472326,78.37759550,9.40555250,308.05742572,268.10010138
15.10.2029,201.92621395,298.43804359,190.74903966,248.38600542,255.28473033,214.36364068,53.74300826,78.36011941,9.37849161,308.05438846,268.09867967
16.10.2029,202.91743695,311.33795568,192.46922492,249.44417144,256.00755437,214.57959976,53.68007162,78.34184358,9.35155430,308.05179621,268.07113592
17.10.2029,203.90913515,323.96000576,194.19346829,250.49800503,256.73170906,214.79587871,53.61594651,78.32277643,9.32475157,308.04965083,268.00498056
18.10.2029,204.90131816,336.36011157,195.91905481,251.54735649,257.45718006,215.01246008,53.55066837,78.30292842,9.29809627,308.04795604,267.89531125
19.10.2029,205.89399860,348.58697312,197.64374239,252.59207471,258.18395616,215.22932816,53.48427423,78.28231141,9.27160239,308.04671677,267.74525490
20.10.2029,206.88719097,0.68033662,199.36569880,253.63200599,258.91202848,215.44646834,53.41680223,78.26093811,9.24528457,308.04593861,267.56497673
21.10.2029,207.88091067,12.67168335,201.08344434,254.66699294,259.64138960,215.66386628,53.34829090,78.23882136,9.21915734,308.04562705,267.36958572
22.10.2029,208.87517287,24.58670454,202.79580062,255.69687331,260.37203272,215.88150720,53.27877855,78.21597345,9.19323450,308.04578686,267.17639641
23.10.2029,209.86999172,36.44889821,204.50184536,256.72147900,261.10395105,216.09937526,53.20830278,78.19240567,9.16752861,308.04642156,267.00204366
24.10.2029,210.86537988,48.28360268,206.20087308,257.74063540,261.83713743,216.31745334,53.13690036,78.16812809,9.14205081,308.04753324,266.85990000
25.10.2029,211.86134813,60.12181500,207.89236103,258.75416080,262.57158417,216.53572294,53.06460724,78.14314958,9.11681083,308.04912253,266.75813903
26.10.2029,212.85790510,72.00323541,209.57593980,259.76186579,263.30728283,216.75416415,52.99145855,78.11747783,9.09181692,308.05118858,266.69865413
27.10.2029,213.85505706,83.97811354,211.25136801,260.76355276,264.04422419,216.97275572,52.91748876,78.09111938,9.06707603,308.05372913,266.67691370
28.10.2029,214.85280797,96.10755821,212.91851084,261.75901555,264.78239839,217.19147539,52.84273199,78.06408002,9.04259402,308.05674081,266.68273875
29.10.2029,215.85115974,108.46197265,214.57732138,262.74803941,265.52179531,217.41029957,52.76722260,78.03636533,9.01837631,308.06021971,266.70192533
30.10.2029,216.85011245,121.11716404,216.22782532,263.73040079,266.26240505,217.62919494,52.69099592,78.00798131,8.99442845,308.06416195,266.71857207
31.10.2029,217.84966458,134.14754768,217.87017310,264.70586705,267.00421836,217.84808503,52.61408888,77.97893511,8.97075679,308.06856438,266.71786792

November,,,,,,,,,,,
01.11.2029,218.84981310,147.61593367,219.50445049,265.67419595,267.74722710,218.06700613,52.53654100,77.94923585,8.94736936,308.07342534,266.68893939
02.11.2029,219.85055380,161.56001364,221.13076614,266.63513480,268.49142487,218.28599594,52.45839550,77.91889577,8.92427688,308.07874574,266.62720773
03.11.2029,220.85188135,175.97722456,222.74940849,267.58841879,269.23680723,218.50498349,52.37970038,77.88793122,8.90149374,308.08452995,266.53564795
04.11.2029,221.85378848,190.81208395,224.36060687,268.53376774,269.98337076,218.72394369,52.30050836,77.85636262,8.87903782,308.09078559,266.42440655
05.11.2029,222.85626399,205.95214587,225.96461056,269.47088077,270.73111044,218.94286142,52.22087502,77.82421260,8.85692854,308.09752158,266.30852694
06.11.2029,223.85929012,221.23800503,227.56167807,270.39943010,271.48001571,219.16171932,52.14085529,77.79150269,8.83518343,308.10474472,266.20436114
07.11.2029,224.86284105,236.48766852,229.15206908,271.31905639,272.23006723,219.38049420,52.06050000,77.75825003,8.81381478,308.11245634,266.12539160
08.11.2029,225.86688413,251.52820643,230.73603992,272.22936799,272.98123633,219.59915627,51.97985414,77.72446600,8.79282821,308.12065106,266.07903558
09.11.2029,226.87138396,266.22346163,232.31384267,273.12994477,273.73348770,219.81767120,51.89895804,77.69015757,8.77222421,308.12931832,266.06510086
10.11.2029,227.87630776,280.48925296,233.88572617,274.02034467,274.48678427,220.03600409,51.81785044,77.65533068,8.75200151,308.13844595,266.07636230
11.11.2029,228.88162988,294.29442816,235.45193674,274.90010993,275.24109189,220.25412304,51.73657179,77.61999356,8.73216067,308.14802376,266.10077468
12.11.2029,229.88733359,307.65185440,237.01271680,275.76877071,275.99638192,220.47200111,51.65516598,77.58415851,8.71270590,308.15804539,266.12450924
13.11.2029,230.89341045,320.60513762,238.56830118,276.62584550,276.75263145,220.68961597,51.57368021,77.54784168,8.69364499,308.16850830,266.13498285
14.11.2029,231.89985821,333.21552307,240.11891215,277.47083953,277.50982211,220.90694860,51.49216381,77.51106188,8.67498813,308.17941251,266.12323458
15.11.2029,232.90667876,345.55124160,241.66475425,278.30324254,278.26793863,221.12398176,51.41066702,77.47383927,8.65674664,308.19075932,266.08528576
16.11.2029,233.91387670,357.67990935,243.20600946,279.12252693,279.02696787,221.34069908,51.32924018,77.43619452,8.63893214,308.20255051,266.02240282
17.11.2029,234.92145831,9.66374830,244.74283252,279.92814610,279.78689809,221.55708445,51.24793330,77.39814836,8.62155609,308.21478781,265.94038864
18.11.2029,235.92943076,21.55714107,246.27534594,280.71953303,280.54771834,221.77312140,51.16679557,77.35972105,8.60462930,308.22747241,265.84816567
19.11.2029,236.93780139,33.40604554,247.80363460,281.49609897,281.30941787,221.98879257,51.08587486,77.32093191,8.58816139,308.24060443,265.75599158
20.11.2029,237.94657712,45.24887521,249.32773996,282.25723241,282.07198568,222.20407928,51.00521737,77.28179892,8.57216047,308.25418257,265.67365784
21.11.2029,238.95576413,57.11848272,250.84765372,283.00229839,282.83541037,222.41896130,50.92486754,77.24233865,8.55663304,308.26820400,265.60896122
22.11.2029,239.96536768,69.04486432,252.36331085,283.73063792,283.59968011,222.63341687,50.84486811,77.20256626,8.54158399,308.28266439,265.56663661
23.11.2029,240.97539183,81.05814792,253.87458158,284.44156748,284.36478262,222.84742269,50.76526022,77.16249567,8.52701677,308.29755799,265.54783670
24.11.2029,241.98583940,93.19137171,255.38126234,285.13437855,285.13070532,223.06095402,50.68608370,77.12213970,8.51293355,308.31287785,265.55016808
25.11.2029,242.99671200,105.48253129,256.88306545,285.80833738,285.89743563,223.27398510,50.60737760,77.08151068,8.49933576,308.32861631,265.56824316
26.11.2029,244.00801039,117.97536986,258.37960755,286.46268488,286.66496158,223.48648978,50.52918095,77.04062115,8.48622484,308.34476572,265.59466806
27.11.2029,245.01973488,130.71839089,259.87039602,287.09663659,287.43327240,223.69844232,50.45153369,76.99948477,8.47360308,308.36131929,265.62134497
28.11.2029,246.03188549,143.76160658,261.35481310,287.70938247,288.20235904,223.90981792,50.37447742,76.95811705,8.46147437,308.37827180,265.64091582
29.11.2029,247.04446197,157.15064531,262.83209719,288.30008622,288.97221449,224.12059332,50.29805611,76.91653602,8.44984478,308.39562018,265.64811613
30.11.2029,248.05746358,170.91818347,264.30132086,288.86788426,289.74283383,224.33074710,50.22231660,76.87476279,8.43872310,308.41336398,265.64076399

December,,,,,,,,,,,
01.12.2029,249.07088841,185.07342474,265.76136485,289.41188370,290.51421391,224.54025979,50.14730883,76.83282169,8.42812093,308.43150551,265.62011959
02.12.2029,250.08473172,199.59158537,267.21088707,289.93115889,291.28635185,224.74911296,50.07308503,76.79073953,8.41805185,308.45004895,265.59045356
03.12.2029,251.09898331,214.40673087,268.64828549,290.42474632,292.05924227,224.95728713,49.99969757,76.74854354,8.40852928,308.46899818,265.55788578
04.12.2029,252.11362450,229.41189739,270.07165538,290.89163928,292.83287374,225.16475897,49.92719588,76.70625841,8.39956345,308.48835383,265.52876626
05.12.2029,253.12862655,244.46904607,271.47874148,291.33078487,293.60722607,225.37149927,49.85562383,76.66390388,8.39115899,308.50811085,265.50807540
06.12.2029,254.14395195,259.42785019,272.86688642,291.74108620,294.38227016,225.57747291,49.78501900,76.62149426,8.38331437,308.52825810,265.49831260
07.12.2029,255.15955884,274.14830858,274.23297510,292.12141082,295.15797076,225.78264148,49.71541435,76.57904035,8.37602405,308.54878052,265.49918007
08.12.2029,256.17540688,288.52038462,275.57337310,292.47060413,295.93429118,225.98696719,49.64684153,76.53655291,8.36928194,308.56966274,265.50807160
09.12.2029,257.19146220,302.47557530,276.88385687,292.78750452,296.71119763,226.19041627,49.57933383,76.49404562,8.36308465,308.59089234,265.52109723
10.12.2029,258.20769982,315.98908899,278.15953381,293.07095738,297.48866160,226.39296042,49.51292754,76.45153649,8.35743295,308.61246137,265.53426822
11.12.2029,259.22410315,329.07464933,279.39475291,293.31982706,298.26665991,226.59457614,49.44766147,76.40904722,8.35233125,308.63436580,265.54448687
12.12.2029,260.24066197,341.77535554,280.58300877,293.53300743,299.04517335,226.79524293,49.38357538,76.36660159,8.34778604,308.65660401,265.55013208
13.12.2029,261.25737029,354.15366411,281.71684370,293.70943288,299.82418517,226.99494157,49.32070864,76.32422394,8.34380443,308.67917514,265.55116189
14.12.2029,262.27422468,6.28240765,282.78775428,293.84809074,300.60367996,227.19365299,49.25909924,76.28193821,8.34039311,308.70207824,265.54879892
15.12.2029,263.29122333,18.23764177,283.78611109,293.94803571,301.38364301,227.39135767,49.19878349,76.23976748,8.33755800,308.72531168,265.54495281
16.12.2029,264.30836537,30.09338262,284.70110448,294.00840638,302.16405995,227.58803530,49.13979570,76.19773371,8.33530388,308.74887294,265.54155609
17.12.2029,265.32565040,41.91797086,285.52073423,294.02844376,302.94491629,227.78366438,49.08216798,76.15585742,8.33363413,308.77275823,265.53997676
18.12.2029,266.34307816,53.77174601,286.23186823,294.00751189,303.72619727,227.97822198,49.02592998,76.11415752,8.33255055,308.79696235,265.54063494
19.12.2029,267.36064845,65.70578583,286.82040221,293.94512040,304.50788772,228.17168364,48.97110895,76.07265119,8.33205327,308.82147857,265.54289383
20.12.2029,268.37836103,77.76156323,287.27155974,293.84094847,305.28997222,228.36402333,48.91772975,76.03135399,8.33214083,308.84629872,265.54523309
21.12.2029,269.39621568,89.97143181,287.57037697,293.69486967,306.07243521,228.55521353,48.86581509,75.99028000,8.33281035,308.87141331,265.54565917
22.12.2029,270.41421227,102.35984187,287.70241622,293.50697712,306.85526137,228.74522548,48.81538602,75.94944222,8.33405790,308.89681194,265.54226885
23.12.2029,271.43235108,114.94510631,287.65474249,293.27760802,307.63843625,228.93402981,48.76646263,75.90885329,8.33587926,308.92248396,265.53385382
24.12.2029,272.45063323,127.74139855,287.41717043,293.00736695,308.42194704,229.12159730,48.71906518,75.86852650,8.33827086,308.94841946,265.52041090
25.12.2029,273.46906102,140.76053184,286.98374120,292.69714653,309.20578339,229.30789981,48.67321515,75.82847683,8.34123079,308.97461020,265.50341026
26.12.2029,274.48763797,154.01296501,286.35431758,292.34814453,309.98993778,229.49291087,48.62893602,75.78872169,8.34475953,309.00105038,265.48569244
27.12.2029,275.50636832,167.50749197,285.53609787,291.96187614,310.77440541,229.67660583,48.58625364,75.74928131,8.34886010,309.02773698,265.47093585
28.12.2029,276.52525602,181.24922428,284.54476666,291.54018072,311.55918361,229.85896151,48.54519593,75.71017828,8.35353822,309.05466878,265.46275356
29.12.2029,277.54430323,195.23580076,283.40495786,291.08522212,312.34427058,230.03995554,48.50579230,75.67143725,8.35880096,309.08184675,265.46360287
30.12.2029,278.56350813,209.45227606,282.14974705,290.59948181,313.12966359,230.21956489,48.46807207,75.63308319,8.36465564,309.10927182,265.47380331
31.12.2029,279.58286226,223.86577299,280.81903844,290.08574495,313.91535600,230.39776389,48.43206241,75.59513951,8.37110769,309.13694295,265.49103602

2030,,,,,,,,,,,
01.01.2030,280.60234818,238.42158495,279.45695255,289.54708035,314.70133527,230.57452241,48.39778613,75.55762593,8.37815853,309.16485514,265.51051821
02.01.2030,281.62193848,253.04267341,278.10858019,288.98681632,315.48758105,230.74980497,48.36526033,75.52055730,8.38580437,309.19299819,265.52591724
03.01.2030,282.64159717,267.63406282,276.81664651,288.40851438,316.27406586,230.92357173,48.33449677,75.48394406,8.39403675,309.22135734,265.53085342
04.01.2030,283.66128392,282.09231953,275.61864803,287.81594310,317.06075769,231.09578113,48.30550387,75.44779451,8.40284480,309.24991565,265.52049090
05.01.2030,284.68095811,296.31847936,274.54487431,287.21304453,317.84762387,231.26639350,48.27828961,75.41211767,8.41221839,309.27865710,265.49288702
06.01.2030,285.70058419,310.23129429,273.61748709,286.60390202,318.63463416,231.43537353,48.25286389,75.37692571,8.42215052,309.30756915,265.44964908
07.01.2030,286.72013327,323.77742355,272.85057508,285.99269451,319.42176273,231.60269132,48.22923933,75.34223466,8.43263825,309.33664363,265.39576552
08.01.2030,287.73958348,336.93640257,272.25094671,285.38364727,320.20898795,231.76832147,48.20743053,75.30806361,8.44368196,309.36587597,265.33865189
09.01.2030,288.75891864,349.72015097,271.81935772,284.78097625,320.99629127,231.93224124,48.18745259,75.27443301,8.45528371,309.39526363,265.28664974
10.01.2030,289.77812646,2.16837255,271.55189787,284.18883052,321.78365583,232.09442885,48.16931966,75.24136319,8.46744576,309.42480449,265.24732309
11.01.2030,290.79719711,14.34182437,271.44133272,283.61123622,322.57106549,232.25486222,48.15304405,75.20887332,8.48016953,309.45449583,265.22591507
12.01.2030,291.81612232,26.31516084,271.47827734,283.05204469,323.35850425,232.41351842,48.13863587,75.17698097,8.49345517,309.48433386,265.22426169
13.01.2030,292.83489484,38.17037617,271.65214882,282.51488669,324.14595604,232.57037340,48.12610295,75.14570200,8.50730141,309.51431356,265.24033799
14.01.2030,293.85350814,49.99119524,271.95189205,282.00313392,324.93340453,232.72540186,48.11545080,75.11505048,8.52170547,309.54442856,265.26848580
15.01.2030,294.87195632,61.85832349,272.36650153,281.51986852,325.72083312,232.87857716,48.10668269,75.08503867,8.53666308,309.57467117,265.30026583
16.01.2030,295.89023411,73.84529203,272.88537423,281.06786100,326.50822496,233.02987137,48.09979962,75.05567706,8.55216848,309.60503235,265.32579389
17.01.2030,296.90833705,86.01467423,273.49853039,280.64955598,327.29556309,233.17925519,48.09480053,75.02697444,8.56821447,309.63550180,265.33536806
18.01.2030,297.92626173,98.41464426,274.19673630,280.26706556,328.08283074,233.32669812,48.09168250,74.99893806,8.58479269,309.66606811,265.32117324
19.01.2030,298.94400630,111.07613068,274.97155728,279.92216917,328.87001189,233.47216878,48.09044132,74.97157419,8.60189400,309.69671926,265.27883550
20.01.2030,299.96157106,124.01110118,275.81536346,279.61631946,329.65709223,233.61563566,48.09107252,74.94488898,8.61950948,309.72744350,265.20857031
21.01.2030,300.97895928,137.21264889,276.72130472,279.35065280,330.44406024,233.75706812,48.09357262,74.91888973,8.63763158,309.75823049,265.11564318
22.01.2030,301.99617757,150.65740525,277.68326686,279.12600358,331.23090815,233.89643735,48.09794040,74.89358605,8.65625523,309.78907238,265.00989507
23.01.2030,303.01323557,164.31026627,278.69581721,278.94292058,332.01763218,234.03371679,48.10417758,74.86899052,8.67537849,309.81996441,264.90421792
24.01.2030,304.03014462,178.13063297,279.75414523,278.80168771,332.80423192,234.16888186,48.11228865,74.84511850,8.69500224,309.85090458,264.81209374
25.01.2030,305.04691569,192.07864908,280.85400212,278.70234295,333.59070868,234.30190883,48.12227981,74.82198716,8.71512916,309.88189260,264.74461577
26.01.2030,306.06355672,206.11969341,281.99164204,278.64470127,334.37706334,234.43277327,48.13415732,74.79961380,8.73576204,309.91292819,264.70773396
27.01.2030,307.08007002,220.22581786,283.16376692,278.62837789,335.16329400,234.56144836,48.14792558,74.77801405,8.75690191,309.94400926,264.70053300
28.01.2030,308.09645016,234.37378472,284.36747585,278.65281261,335.94939393,234.68790354,48.16358544,74.75720030,8.77854642,309.97513040,264.71489085
29.01.2030,309.11268284,248.54045782,285.60021991,278.71729500,336.73535039,234.81210388,48.18113318,74.73718075,8.80068899,310.00628222,264.73711873
30.01.2030,310.12874521,262.69720382,286.85976273,278.82099034,337.52114459,234.93401069,48.20056063,74.71795962,8.82331898,310.03745169,264.75070392
31.01.2030,311.14460770,276.80541633,288.14414672,278.96296582,338.30675304,235.05358324,48.22185637,74.69953846,8.84642308,310.06862355,264.74002928

February,,,,,,,,,,,
01.02.2030,312.16023714,290.81516040,289.45166424,279.14221630,339.09214993,235.17078130,48.24500779,74.68191827,8.86998751,310.09978224,264.69375348
02.02.2030,313.17560019,304.66810728,290.78083255,279.35768794,339.87730975,235.28556769,48.27000325,74.66510169,8.89400029,310.13091393,264.60731025
03.02.2030,314.19066625,318.30453619,292.13037119,279.60829842,340.66220924,235.39790994,48.29683344,74.64909432,8.91845271,310.16200798,264.48388120
04.02.2030,315.20540899,331.67265064,293.49918081,279.89295256,341.44682825,235.50778052,48.32549161,74.63390493,8.94333953,310.19305741,264.33372511
05.02.2030,316.21980662,344.73758515,294.88632327,280.21055345,342.23114947,235.61515593,48.35597272,74.61954445,8.96865816,310.22405807,264.17205772
06.02.2030,317.23384113,357.48772013,296.29100308,280.56000980,343.01515739,235.72001508,48.38827209,74.60602458,8.99440716,310.25500733,264.01600108
07.02.2030,318.24749730,9.93712415,297.71255079,280.94024092,343.79883733,235.82233772,48.42238410,74.59335633,9.02058492,310.28590267,263.88128716
08.02.2030,319.26076179,22.12433572,299.15040844,281.35018040,344.58217464,235.92210335,48.45830141,74.58154919,9.04718874,310.31674072,263.77936950
09.02.2030,320.27362248,34.10859317,300.60411712,281.78877913,345.36515432,236.01929067,48.49601462,74.57061069,9.07421440,310.34751682,263.71543884
10.02.2030,321.28606824,45.96479529,302.07330627,282.25500803,346.14776092,236.11387733,48.53551223,74.56054631,9.10165607,310.37822487,263.68761581
11.02.2030,322.29808873,57.77811480,303.55768445,282.74786064,346.92997863,236.20584003,48.57678082,74.55135968,9.12950641,310.40885743,263.68735967
12.02.2030,323.30967453,69.63864657,305.05703142,283.26635541,347.71179134,236.29515460,48.61980524,74.54305267,9.15775677,310.43940587,263.70094488
13.02.2030,324.32081730,81.63601092,306.57119112,283.80953778,348.49318290,236.38179614,48.66456881,74.53562559,9.18639729,310.46986052,263.71174409
14.02.2030,325.33151004,93.85357850,308.10006559,284.37648179,349.27413726,236.46573910,48.71105350,74.52907735,9.21541706,310.50021074,263.70300031
15.02.2030,326.34174756,106.36200435,309.64360954,284.96629129,350.05463886,236.54695743,48.75924017,74.52340562,9.24480435,310.53044520,263.66073757
16.02.2030,327.35152727,119.21210358,311.20182583,285.57810079,350.83467331,236.62542498,48.80910919,74.51860743,9.27454714,310.56055234,263.57642011
17.02.2030,328.36085028,132.42778903,312.77476172,286.21107591,351.61422849,236.70111625,48.86064148,74.51468014,9.30463404,310.59052132,263.44892114
18.02.2030,329.36972265,146.00068140,314.36250562,286.86441327,352.39329601,236.77400757,48.91381994,74.51162278,9.33505566,310.62034329,263.28533131
19.02.2030,330.37815614,159.88867250,315.96518375,287.53733945,353.17187236,236.84407797,48.96863077,74.50943733,9.36580580,310.65001259,263.10019615
20.02.2030,331.38616774,174.02045947,317.58295592,288.22910859,353.94995907,236.91130949,49.02506400,74.50812924,9.39688185,310.67952711,262.91301557
21.02.2030,332.39377753,188.30642021,319.21601001,288.93899876,354.72756148,236.97568624,49.08311273,74.50770664,9.42828398,310.70888743,262.74429293
22.02.2030,333.40100531,202.65355564,320.86455515,289.66630772,355.50468614,237.03719253,49.14277113,74.50817850,9.46001316,310.73809486,262.61094413
23.02.2030,334.40786666,216.98013753,322.52881461,290.41034928,356.28133772,237.09581062,49.20403206,74.50955221,9.49206875,310.76714903,262.52222037
24.02.2030,335.41436989,231.22563516,324.20901895,291.17045115,357.05751644,237.15151918,49.26688492,74.51183167,9.52444653,310.79604599,262.47731173
25.02.2030,336.42051454,245.35355931,325.90540039,291.94595506,357.83321677,237.20429284,49.33131476,74.51501647,9.55713788,310.82477739,262.46540168
26.02.2030,337.42629163,259.34767361,327.61818811,292.73621867,358.60842764,237.25410320,49.39730266,74.51910233,9.59013033,310.85333112,262.46790517
27.02.2030,338.43168534,273.20402755,329.34760414,293.54061880,359.38313384,237.30092069,49.46482708,74.52408262,9.62340906,310.88169284,262.46268362
28.02.2030,339.43667538,286.92190139,331.09385881,294.35855499,0.15731791,237.34471683,49.53386569,74.52995015,9.65695882,310.90984795,262.42877200

March,,,,,,,,,,,
01.03.2030,340.44123944,300.49636880,332.85714500,295.18945270,0.93096211,237.38546632,49.60439706,74.53669891,9.69076569,310.93778340,262.35076977
02.03.2030,341.44535522,313.91430348,334.63763063,296.03276567,1.70404986,237.42314838,49.67640179,74.54432517,9.72481833,310.96548895,262.22189798
03.03.2030,342.44900184,327.15459192,336.43544867,296.88797707,2.47656652,237.45774734,49.74986294,74.55282796,9.75910841,310.99295759,262.04515471
04.03.2030,343.45216045,340.19218030,338.25068445,297.75459951,3.24849942,237.48925232,49.82476568,74.56220855,9.79363025,311.02018527,261.83247706
05.03.2030,344.45481420,353.00458000,340.08336005,298.63217377,4.01983732,237.51765621,49.90109640,74.57246957,9.82837993,311.04716988,261.60220203
06.03.2030,345.45694784,5.57889871,341.93341576,299.52026688,4.79056961,237.54295434,49.97884153,74.58361374,9.86335402,311.07391008,261.37542850
07.03.2030,346.45854715,17.91758910,343.80068853,300.41846986,5.56068546,237.56514327,50.05798654,74.59564279,9.89854854,311.10040415,261.17207531
08.03.2030,347.45959865,30.04180275,345.68488760,301.32639548,6.33017344,237.58421991,50.13851530,74.60855675,9.93395824,311.12664930,261.00741210
09.03.2030,348.46008941,41.99213205,347.58556776,302.24367631,7.09902126,237.60018105,50.22040984,74.62235367,9.96957627,311.15264128,260.88962953
10.03.2030,349.46000705,53.82719386,349.50209835,303.16996319,7.86721590,237.61302327,50.30365038,74.63702963,10.00539419,311.17837439,260.81873513
11.03.2030,350.45933987,65.62073972,351.43361338,304.10492397,8.63474376,237.62274303,50.38821558,74.65257893,10.04140213,311.20384162,260.78681220
12.03.2030,351.45807708,77.45782293,353.37898032,305.04824255,9.40159097,237.62933689,50.47408283,74.66899437,10.07758905,311.22903492,260.77949847
13.03.2030,352.45620912,89.43019115,355.33677433,305.99961833,10.16774369,237.63280179,50.56122857,74.68626756,10.11394308,311.25394545,260.77842565
14.03.2030,353.45372809,101.63068217,357.30521461,306.95876567,10.93318849,237.63313529,50.64962861,74.70438924,10.15045175,311.27856391,260.76429270
15.03.2030,354.45062829,114.14615319,359.28211657,307.92541366,11.69791272,237.63033576,50.73925846,74.72334953,10.18710234,311.30288078,260.72019782
16.03.2030,355.44690716,127.04853652,1.26484678,308.89930598,12.46190523,237.62440279,50.83009388,74.74313849,10.22388229,311.32688682,260.63479064
17.03.2030,356.44256660,140.38418806,3.25027999,309.88020101,13.22515749,237.61533791,50.92211184,74.76374702,10.26078021,311.35057392,260.50471788
18.03.2030,357.43761466,154.16291876,5.23476272,310.86787199,13.98766511,237.60314561,51.01529193,74.78516818,10.29778708,311.37393638,260.33577974
19.03.2030,358.43206680,168.34976030,7.21408745,311.86210637,14.74942919,237.58783426,51.10961762,74.80739844,10.33489747,311.39697202,260.14229439
20.03.2030,359.42594568,182.86364771,9.18348092,312.86270370,15.51045645,237.56941600,51.20507652,74.83043791,10.37210966,311.41968231,259.94446908
21.03.2030,0.41927871,197.58633898,11.13761041,313.86947146,16.27075757,237.54790533,51.30165909,74.85428906,10.40942430,311.44207093,259.76409843
22.03.2030,1.41209371,212.38122272,13.07061187,314.88221969,17.03034392,237.52331647,51.39935593,74.87895409,10.44684166,311.46414109,259.61951315
23.03.2030,2.40441405,227.11677982,14.97614365,315.90075605,17.78922382,237.49566079,51.49815474,74.90443205,10.48435872,311.48589261,259.52113718
24.03.2030,3.39625508,241.68684375,16.84746733,316.92488315,18.54739997,237.46494561,51.59803850,74.93071710,10.52196743,311.50732018,259.46903582
25.03.2030,4.38762309,256.02158262,18.67755424,317.95439905,19.30486902,237.43117507,51.69898542,74.95779869,10.55965494,311.52841375,259.45289866
26.03.2030,5.37851657,270.08783348,20.45921213,318.98910033,20.06162301,237.39435257,51.80097077,74.98566342,10.59740556,311.54916040,259.45466717
27.03.2030,6.36892882,283.88158174,22.18522285,320.02878615,20.81765176,237.35448376,51.90396923,75.01429747,10.63520332,311.56954703,259.45272368
28.03.2030,7.35885049,297.41696618,23.84848035,321.07326194,21.57294500,237.31157888,52.00795684,75.04368862,10.67303398,311.58956242,259.42665575
29.03.2030,8.34827133,310.71557503,25.44211939,322.12234173,22.32749359,237.26565397,52.11291206,75.07382719,10.71088572,311.60919833,259.36143323
30.03.2030,9.33718109,323.79833500,26.95962606,323.17584928,23.08128991,237.21673104,52.21881584,75.10470616,10.74874603,311.62844964,259.25019274
31.03.2030,10.32556985,336.68095378,28.39492521,324.23361836,23.83432771,237.16483765,52.32565121,75.13632071,10.78658786,311.64731392,259.09519452

April,,,,,,,,,,,
01.04.2030,11.31342796,349.37293658,29.74244239,325.29549241,24.58660163,237.11000605,52.43340256,75.16866742,10.82439705,311.66579070,258.90692943
02.04.2030,12.30074586,1.87956259,30.99714182,326.36132385,25.33810657,237.05227218,52.54205476,75.20174336,10.86223530,311.68388050,258.70173272
03.04.2030,13.28751360,14.20580206,32.15454413,327.43097318,26.08883697,236.99167457,52.65159220,75.23554510,10.90008688,311.70158391,258.49851937
04.04.2030,14.27372067,26.36098630,33.21073028,328.50430810,26.83878624,236.92825336,52.76199809,75.27006793,10.93792689,311.71890072,258.31534371
05.04.2030,15.25935592,38.36313428,34.16233887,329.58120275,27.58794654,236.86204967,52.87325402,75.30530539,10.97574554,311.73582945,258.16640887
06.04.2030,16.24440779,50.24216159,35.00656373,330.66153730,28.33630880,236.79310536,52.98533990,75.34124918,11.01353481,311.75236724,258.05996344
07.04.2030,17.22886463,62.04160984,35.74115835,331.74519761,29.08386296,236.72146296,53.09823410,75.37788927,11.05128563,311.76850988,257.99729977
08.04.2030,18.21271507,73.81888312,36.36445205,332.83207494,29.83059827,236.64716570,53.21191369,75.41521412,11.08898758,311.78425205,257.97287108
09.04.2030,19.19594835,85.64412179,36.87538165,333.92206592,30.57650362,236.57025778,53.32635477,75.45321098,11.12662921,311.79958755,257.97540836
10.04.2030,20.17855488,97.59779860,37.27354045,335.01507261,31.32156803,236.49078458,53.44153291,75.49186631,11.16419846,311.81450970,257.98984123
11.04.2030,21.16052678,109.76690380,37.55924467,336.11100275,32.06578113,236.40879307,53.55742359,75.53116626,11.20168312,311.82901179,257.99978567
12.04.2030,22.14185864,122.23933273,37.73361514,337.20977016,32.80913376,236.32433211,53.67400272,75.57109709,11.23907132,311.84308753,257.99031553
13.04.2030,23.12254833,135.09593967,37.79867043,338.31129522,33.55161856,236.23745272,53.79124713,75.61164570,11.27635199,311.85673147,257.95065589
14.04.2030,24.10259834,148.39993227,37.75742555,339.41550561,34.29323102,236.14820864,53.90913540,75.65280037,11.31351560,311.86993974,257.87633952
15.04.2030,25.08201748,162.18413593,37.61398799,340.52233724,35.03397077,236.05665707,54.02764897,75.69455187,11.35055527,311.88271109,257.77032739
16.04.2030,26.06082236,176.43831555,37.37364069,341.63173469,35.77384282,235.96285923,54.14677318,75.73689441,11.38746761,311.89504771,257.64268690
17.04.2030,27.03903752,191.10075444,37.04289951,342.74364998,36.51285760,235.86687995,54.26649717,75.77982556,11.42425262,311.90695507,257.50865430
18.04.2030,28.01669331,206.05923406,36.62953261,343.85803910,37.25102912,235.76878571,54.38681220,75.82334455,11.46091182,311.91844005,257.38527731
19.04.2030,28.99382154,221.16455003,36.14253102,344.97485666,37.98837146,235.66864153,54.50770843,75.86744916,11.49744512,311.92950779,257.28739453
20.04.2030,29.97045057,236.25450064,35.59202397,346.09405069,38.72489501,235.56650842,54.62917186,75.91213275,11.53384773,311.94015863,257.22412147
21.04.2030,30.94660170,251.18080611,34.98913709,347.21555963,39.46060430,235.46244274,54.75118290,75.95738303,11.57010899,311.95038697,257.19670551
22.04.2030,31.92228840,265.82992572,34.34579702,348.33931303,40.19549833,235.35649815,54.87371737,76.00318322,11.60621351,311.96018259,257.19848546
23.04.2030,32.89751792,280.13239864,33.67448961,349.46523493,40.92957294,235.24872935,54.99674941,76.04951505,11.64214436,311.96953379,257.21681011
24.04.2030,33.87229404,294.06098570,32.98798326,350.59324821,41.66282363,235.13919555,55.12025445,76.09636177,11.67788611,311.97843063,257.23621507
25.04.2030,34.84661908,307.62164980,32.29903241,351.72327790,42.39524741,235.02796244,55.24421095,76.14370996,11.71342677,311.98686681,257.24196411
26.04.2030,35.82049480,320.84205565,31.62007899,352.85525276,43.12684312,234.91510237,55.36860061,76.19154962,11.74875799,311.99483989,257.22309234
27.04.2030,36.79392233,333.76094666,30.96297107,353.98910548,43.85761093,234.80069324,55.49340751,76.23987330,11.78387415,312.00235043,257.17433272
28.04.2030,37.76690189,346.42007804,30.33871592,355.12477236,44.58755148,234.68481719,55.61861703,76.28867498,11.81877136,312.00940092,257.09668333
29.04.2030,38.73943249,358.85915560,29.75728090,356.26219288,45.31666522,234.56755943,55.74421503,76.33794915,11.85344649,312.01599481,256.99669798
30.04.2030,39.71151168,11.11355463,29.22745015,357.40130923,46.04495190,234.44900723,55.87018706,76.38769004,11.88789642,312.02213575,256.88480799

May,,,,,,,,,,,
01.05.2030,40.68313533,23.21430003,28.75673972,358.54206575,46.77240998,234.32924891,55.99651767,76.43789087,11.92211729,312.02782681,256.77312763
02.05.2030,41.65429738,35.18967571,28.35136915,359.68440854,47.49903628,234.20837306,56.12318994,76.48854332,11.95610399,312.03306994,256.67322735
03.05.2030,42.62499005,47.06780693,28.01628336,0.82828528,48.22482587,234.08646808,56.25018524,76.53963731,11.98984985,312.03786571,256.59426869
04.05.2030,43.59520417,58.87958912,27.75521605,1.97364539,48.94977234,233.96362203,56.37748336,76.59116107,12.02334683,312.04221338,256.54173808
05.05.2030,44.56492980,70.66142789,27.57078427,3.12044025,49.67386813,233.83992259,56.50506282,76.64310142,12.05658566,312.04611110,256.51686831
06.05.2030,45.53415664,82.45736997,27.46460382,4.26862346,50.39710492,233.71545712,56.63290107,76.69544399,12.08955613,312.04955616,256.51673222
07.05.2030,46.50287459,94.32031573,27.43741614,5.41815103,51.11947400,233.59031267,56.76097487,76.74817355,12.12224735,312.05254523,256.53492804
08.05.2030,47.47107442,106.31207225,27.48921900,6.56898185,51.84096680,233.46457626,56.88926074,76.80127441,12.15464820,312.05507479,256.56273275
09.05.2030,48.43874854,118.50198430,27.61939458,7.72107826,52.56157566,233.33833524,57.01773561,76.85473112,12.18674795,312.05714175,256.59057004
10.05.2030,49.40589194,130.96379409,27.82683051,8.87440673,53.28129448,233.21167768,57.14637744,76.90852903,12.21853683,312.05874399,256.60961491
11.05.2030,50.37250301,143.77028687,28.11003062,10.02893850,54.00011941,233.08469265,57.27516579,76.96265483,12.25000655,312.05988090,256.61332287
12.05.2030,51.33858462,156.98531854,28.46721399,11.18465031,54.71804962,232.95747042,57.40408239,77.01709709,12.28115086,312.06055384,256.59862239
13.05.2030,52.30414546,170.65322116,28.89640161,12.34152527,55.43508824,232.83010284,57.53311190,77.07184700,12.31196616,312.06076680,256.56648987
14.05.2030,53.26920125,184.78658065,29.39549017,13.49955334,56.15124307,232.70268343,57.66224237,77.12689879,12.34245193,312.06052674,256.52170566
15.05.2030,54.23377484,199.35497766,29.96231283,14.65873058,56.86652641,232.57530653,57.79146472,77.18224922,12.37261017,312.05984302,256.47177153
16.05.2030,55.19789457,214.27886183,30.59468685,15.81905631,57.58095308,232.44806505,57.92077043,77.23789562,12.40244327,312.05872526,256.42516245
17.05.2030,56.16159075,229.43293659,31.29044974,16.98052871,58.29453730,232.32104752,58.05014749,77.29383276,12.43195087,312.05718014,256.38928983
18.05.2030,57.12489177,244.66095288,32.04748659,18.14314028,59.00728949,232.19433576,58.17957518,77.35005025,12.46112716,312.05520883,256.36881089
19.05.2030,58.08782149,259.79908146,32.86375230,19.30687542,59.71921504,232.06800508,58.30902366,77.40653202,12.48996036,312.05280643,256.36464299
20.05.2030,59.05039889,274.70085400,33.73729094,20.47171098,60.43031553,231.94212712,58.43847663,77.46325835,12.51843484,312.04996427,256.37406035
21.05.2030,60.01263958,289.25608294,34.66625302,21.63761933,61.14059166,231.81677417,58.56792967,77.52020948,12.54653481,312.04667362,256.39170233
22.05.2030,60.97455777,303.39949191,35.64890957,22.80457184,61.85004642,231.69202272,58.69735734,77.57736877,12.57424761,312.04292914,256.41114134
23.05.2030,61.93616721,317.10936510,36.68366191,23.97254116,62.55868654,231.56795487,58.82673312,77.63472400,12.60156515,312.03873023,256.42648032
24.05.2030,62.89748090,330.39957029,37.76904698,25.14150173,63.26651706,231.44465741,58.95603892,77.69226665,12.62848326,312.03408051,256.43358649
25.05.2030,63.85851013,343.30891769,38.90373914,26.31142921,63.97346701,231.32221989,59.08526083,77.74999033,12.65500012,312.02898613,256.43073907
26.05.2030,64.81926378,355.89084093,40.08654966,27.48229982,64.67943999,231.20073270,59.21438603,77.80788919,12.68111473,312.02345429,256.41861797
27.05.2030,65.77974809,8.20499294,41.31642461,28.65408998,65.38480264,231.08028580,59.34340138,77.86595701,12.70682603,312.01749224,256.39976443
28.05.2030,66.73996662,20.31125759,42.59244114,29.82677609,66.08941260,230.96096785,59.47229275,77.92418667,12.73213226,312.01110672,256.37774583
29.05.2030,67.69992024,32.26606360,43.91380211,31.00033428,66.79321780,230.84286553,59.60104465,77.98256971,12.75703062,312.00430352,256.35625738
30.05.2030,68.65960705,44.12064001,45.27982917,32.17474025,67.49621734,230.72606296,59.72963984,78.04109601,12.78151684,311.99708707,256.33835246
31.05.2030,69.61902261,55.92079815,46.68995438,33.34996931,68.19841068,230.61064146,59.85805937,78.09975371,12.80558517,311.98946041,256.32593224

June,,,,,,,,,,,
01.06.2030,70.57816035,67.70784898,48.14371041,34.52599667,68.89979462,230.49667953,59.98628275,78.15852947,12.82922856,311.98142533,256.31955068
02.06.2030,71.53701217,79.52027802,49.64071870,35.70279794,69.60036405,230.38425302,60.11428841,78.21740883,12.85243903,311.97298277,256.31851903
03.06.2030,72.49556898,91.39580977,51.18067531,36.88034956,70.30011264,230.27343523,60.24205397,78.27637656,12.87520797,311.96413305,256.32124487
04.06.2030,73.45382137,103.37347515,52.76333399,38.05862924,70.99903350,230.16429704,60.36955665,78.33541707,12.89752645,311.95487619,256.32571601
05.06.2030,74.41176034,115.49528139,54.38848622,39.23761664,71.69711987,230.05690721,60.49677375,78.39451512,12.91938571,311.94521239,256.33002999
06.06.2030,75.36937840,127.80706548,56.05593786,40.41729418,72.39436602,229.95133293,60.62368346,78.45365696,12.94077790,311.93514270,256.33286414
07.06.2030,76.32667057,140.35809048,57.76548164,41.59764790,73.09076814,229.84764030,60.75026554,78.51283278,12.96169671,311.92466971,256.33378354
08.06.2030,77.28363533,153.19894370,59.51686513,42.77866813,73.78632504,229.74589469,60.87650187,78.57204583,12.98213791,311.91379801,256.33330437
09.06.2030,78.24027542,166.37734539,61.30975378,43.96035007,74.48103866,229.64616085,61.00237685,78.63143531,13.00209965,311.90253446,256.33267495
10.06.2030,79.19659864,179.93166174,63.14368939,45.14269415,75.17491448,229.54850290,61.12787756,78.69007314,13.02158255,311.89088829,256.33340457
11.06.2030,80.15261840,193.88236697,65.01804403,46.32570608,75.86796165,229.45298395,61.25299362,78.74939443,13.04058952,311.87887089,256.33665336
12.06.2030,81.10835349,208.22251483,66.93196994,47.50939595,76.56019224,229.35966500,61.37771619,78.80858879,13.05912470,311.86649466,256.34266385
13.06.2030,82.06382670,222.90938271,68.88434675,48.69377604,77.25161935,229.26860286,61.50203593,78.86774959,13.07719125,311.85377089,256.35042915
14.06.2030,83.01906246,237.86040519,70.87372866,49.87885757,77.94225460,229.17984774,61.62594025,78.92688139,13.09478874,311.84070708,256.35777184
15.06.2030,83.97408457,252.95650104,72.89829633,51.06464785,78.63210600,229.09344189,61.74941146,78.98597464,13.11191123,311.82730509,256.36185180
16.06.2030,84.92891521,268.05420167,74.95581856,52.25114910,79.32117774,229.00942068,61.87242689,79.04501276,13.12854764,311.81356153,256.36001667
17.06.2030,85.88357551,283.00480919,77.04362877,53.43835946,80.00947191,228.92781594,61.99496135,79.10397615,13.14468435,311.79947055,256.35070530
18.06.2030,86.83808696,297.67565732,79.15861983,54.62627545,80.69699135,228.84866030,62.11699063,79.16284622,13.16030900,311.78502760,256.33411358
19.06.2030,87.79247222,311.96746869,81.29725950,55.81489410,81.38374167,228.77199047,62.23849425,79.22160836,13.17541341,311.77023254,256.31239102
20.06.2030,88.74675471,325.82357693,83.45562798,57.00421378,82.06973160,228.69784791,62.35945612,79.28025270,13.18999436,311.75509034,256.28927764
21.06.2030,89.70095697,339.23023039,85.62947787,58.19423343,82.75497158,228.62627740,62.47986331,79.33877282,13.20405238,311.73960998,256.26926778
22.06.2030,90.65509885,352.21018340,87.81431543,59.38495133,83.43947190,228.55732464,62.59970404,79.39716371,13.21758976,311.72380232,256.25655921
23.06.2030,91.60919642,4.81297215,90.00550036,60.57636410,84.12324121,228.49103417,62.71896606,79.45542009,13.23060883,311.70767841,256.25404772
24.06.2030,92.56326175,17.10481626,92.19836667,61.76846649,84.80628597,228.42744822,62.83763586,79.51353553,13.24311109,311.69124857,256.26259210
25.06.2030,93.51730316,29.15989899,94.38831712,62.96125146,85.48861031,228.36660616,62.95569839,79.57150217,13.25509689,311.67452204,256.28069881
26.06.2030,94.47132551,41.05366993,96.57089624,64.15471028,86.17021614,228.30854421,63.07313697,79.62931059,13.26656532,311.65750681,256.30466826
27.06.2030,95.42533037,52.85812615,98.74197523,65.34883260,86.85110310,228.25329522,63.18993320,79.68694970,13.27751403,311.64020949,256.32915385
28.06.2030,96.37931627,64.63875182,100.89775175,66.54360658,87.53126871,228.20088861,63.30606706,79.74440680,13.28793935,311.62263533,256.34802571
29.06.2030,97.33327904,76.45277692,103.03481485,67.73901921,88.21070871,228.15135060,63.42151717,79.80166785,13.29783650,311.60478848,256.35539989
30.06.2030,98.28721237,88.34849931,105.15017415,68.93505680,88.88941749,228.10470448,63.53626123,79.85871788,13.30720000,311.58667236,256.34668508

July,,,,,,,,,,,
01.07.2030,99.24110833,100.36551283,107.24126570,70.13170546,89.56738861,228.06097090,63.65027641,79.91554135,13.31602403,311.56829001,256.31950307
02.07.2030,100.19495802,112.53572249,109.30594004,71.32895175,90.24461525,228.02016819,63.76353981,79.97212262,13.32430289,311.54964449,256.27434217
03.07.2030,101.14875249,124.88499480,111.34243669,72.52678346,90.92109105,227.98231286,63.87602913,80.02844652,13.33203156,311.53073947,256.21480122
04.07.2030,102.10248393,137.43518486,113.34934940,73.72519060,91.59681102,227.94742019,63.98772348,80.08449916,13.33920646,311.51157994,256.14729588
05.07.2030,103.05614680,150.20613325,115.32558567,74.92416644,92.27177246,227.91550491,64.09860408,80.14026864,13.34582614,311.49217288,256.08016082
06.07.2030,104.00973882,163.21708771,117.27032362,76.12370811,92.94597557,227.88658149,64.20865479,80.19574549,13.35189169,311.47252760,256.02220197
07.07.2030,104.96326152,176.48693296,119.18296865,77.32381695,93.61942371,227.86066402,64.31786204,80.25092261,13.35740665,311.45265571,255.98090528
08.07.2030,105.91672053,190.03265577,121.06311165,78.52449828,94.29212322,227.83776583,64.42621453,80.30579492,13.36237656,311.43257058,255.96064557
09.07.2030,106.87012544,203.86568180,122.91049005,79.72576091,94.96408284,227.81789862,64.53370232,80.36035852,13.36680811,311.41228650,255.96133446
10.07.2030,107.82348922,217.98613934,124.72495214,80.92761594,95.63531259,227.80107114,64.64031550,80.41460925,13.37070766,311.39181718,255.97796877
11.07.2030,108.77682704,232.37577370,126.50642495,82.13007496,96.30582213,227.78728755,64.74604224,80.46854088,13.37407932,311.37117384,256.00135845
12.07.2030,109.73015508,246.99112115,128.25488617,83.33314824,96.97561902,227.77654592,64.85086703,80.52214332,13.37692312,311.35036343,256.01987356
13.07.2030,110.68348990,261.75941940,129.97034068,84.53684356,97.64470802,227.76883807,64.95476980,80.57540192,13.37923436,311.32938794,256.02206321
14.07.2030,111.63684899,276.58001574,131.65280181,85.74116649,98.31309179,227.76415134,65.05772700,80.62829862,13.38100467,311.30824558,255.99937161
15.07.2030,112.59025224,291.33304420,133.30227649,86.94612206,98.98077309,227.76247192,65.15971415,80.68081467,13.38222487,311.28693375,255.94829720
16.07.2030,113.54372324,305.89466831,134.91875271,88.15171667,99.64775710,227.76378864,65.26070889,80.73293377,13.38288817,311.26545226,255.87137822
17.07.2030,114.49728931,320.15519085,136.50218740,89.35795908,100.31405270,227.76809527,65.36069292,80.78464411,13.38299237,311.24380562,255.77671670
18.07.2030,115.45097996,334.03472942,138.05249390,90.56485983,100.97967201,227.77539068,65.45965205,80.83593838,13.38253995,311.22200313,255.67616253
19.07.2030,116.40482417,347.49219800,139.56952930,91.77242954,101.64462838,227.78567699,65.55757459,80.88681216,13.38153657,311.20005739,255.58268934
20.07.2030,117.35884790,0.52632303,141.05308252,92.98067691,102.30893428,227.79895715,65.65444930,80.93726178,13.37998895,311.17798215,255.50763123
21.07.2030,118.31307256,13.17034614,142.50286418,94.18960754,102.97259974,227.81523300,65.75026382,80.98728263,13.37790324,311.15579060,255.45838743
22.07.2030,119.26751462,25.48340049,143.91849796,95.39922365,103.63563180,227.83450416,65.84500396,81.03686847,13.37528422,311.13349460,255.43703445
23.07.2030,120.22218600,37.54125868,145.29951320,96.60952432,104.29803464,227.85676776,65.93865366,81.08601123,13.37213520,311.11110445,255.44002950
24.07.2030,121.17709457,49.42806742,146.64533786,97.82050595,104.95980983,227.88201842,66.03119513,81.13470122,13.36845812,311.08862903,255.45893027
25.07.2030,122.13224461,61.22962737,147.95529147,99.03216252,105.62095662,227.91024828,66.12260905,81.18292722,13.36425364,311.06607586,255.48189625
26.07.2030,123.08763708,73.02811752,149.22857791,100.24448590,106.28147219,227.94144719,66.21287473,81.23067666,13.35952133,311.04345127,255.49568414
27.07.2030,124.04327005,84.89791833,150.46427803,101.45746615,106.94135194,227.97560289,66.30197044,81.27793595,13.35425996,311.02076062,255.48784507
28.07.2030,124.99913897,96.90223912,151.66134196,102.67109187,107.60058987,228.01270135,66.38987380,81.32469078,13.34846782,310.99800870,255.44883658
29.07.2030,125.95523713,109.09046401,152.81858130,103.88535068,108.25917909,228.05272710,66.47656219,81.37092659,13.34214317,310.97520010,255.37377410
30.07.2030,126.91155628,121.49640004,153.93466105,105.10022985,108.91711240,228.09566370,66.56201341,81.41662911,13.33528475,310.95233971,255.26356418
31.07.2030,127.86808750,134.13780954,155.00809181,106.31571722,109.57438315,228.14149434,66.64620640,81.46178512,13.32789255,310.92943346,255.12518142

August,,,,,,,,,,,
01.08.2030,128.82482245,147.01763050,156.03722204,107.53180227,110.23098629,228.19020255,66.72912219,81.50638325,13.31996855,310.90648904,254.97089634
02.08.2030,129.78175443,160.12703900,157.02023072,108.74847711,110.88691928,228.24177269,66.81074454,81.55041470,13.31151740,310.88351652,254.81639009
03.08.2030,130.73887935,173.44999669,157.95512011,109.96573708,111.54218252,228.29619006,66.89106020,81.59387334,13.30254648,310.86052845,254.67793313
04.08.2030,131.69619597,186.96831397,158.83970920,111.18358065,112.19677926,228.35344040,66.97005845,81.63675529,13.29306541,310.83753925,254.56910030
05.08.2030,132.65370577,200.66584010,159.67162814,112.40200884,112.85071485,228.41350885,67.04773005,81.67905788,13.28308495,310.81456419,254.49771752
06.08.2030,133.61141242,214.53038473,160.44831482,113.62102416,113.50399565,228.47637864,67.12406585,81.72077823,13.27261550,310.79161783,254.46379598
07.08.2030,134.56932108,228.55245536,161.16701450,114.84062939,114.15662776,228.54202980,67.19905525,81.76191172,13.26166558,310.76871252,254.45909225
08.08.2030,135.52743781,242.72074904,161.82478399,116.06082651,114.80861587,228.61043808,67.27268478,81.80245069,13.25024042,310.74585705,254.46856337
09.08.2030,136.48576954,257.01534958,162.41850220,117.28161612,115.45996274,228.68157470,67.34493743,81.84238380,13.23834136,310.72305603,254.47344241
10.08.2030,137.44432471,271.40059244,162.94488895,118.50299777,116.11066959,228.75540725,67.41579306,81.88169655,13.22596632,310.70031046,254.45533076
11.08.2030,138.40311490,285.82027175,163.40053400,119.72497140,116.76073757,228.83190192,67.48522997,81.92037297,13.21311158,310.67761955,254.40031932
12.08.2030,139.36215649,300.19786446,163.78193786,120.94753908,117.41016979,228.91102637,67.55322730,81.95839809,13.19977430,310.65498329,254.30214166
13.08.2030,140.32147174,314.44323821,164.08556611,122.17070646,118.05897292,228.99275236,67.61976711,81.99576016,13.18595481,310.63240485,254.16356901
14.08.2030,141.28108821,328.46495848,164.30791910,123.39448285,118.70715755,229.07705695,67.68483539,82.03245167,13.17165776,310.60989171,253.99571978
15.08.2030,142.24103669,342.18484930,164.44562046,124.61887990,119.35473710,229.16392197,67.74842150,82.06846880,13.15689166,310.58745526,253.81550142
16.08.2030,143.20134816,355.55042229,164.49552842,125.84390935,120.00172564,229.25333222,67.81051653,82.10380977,13.14166730,310.56510916,253.64187649
17.08.2030,144.16205103,8.54189308,164.45487438,127.06958079,120.64813581,229.34527323,67.87111142,82.13847283,13.12599579,310.54286740,253.49192013
18.08.2030,145.12316926,21.17295278,164.32143174,128.29590028,121.29397732,229.43972960,67.93019569,82.17245494,13.10988722,310.52074288,253.37754646
19.08.2030,146.08472174,33.48664129,164.09371605,129.52286989,121.93925646,229.53668407,67.98775683,82.20575110,13.09335001,310.49874673,253.30347431
20.08.2030,147.04672249,45.54859081,163.77121420,130.75048794,122.58397627,229.63611737,68.04378045,82.23835441,13.07639090,310.47688826,253.26665475
21.08.2030,148.00918124,57.43961316,163.35463670,131.97874953,123.22813694,229.73800836,68.09825058,82.27025632,13.05901521,310.45517522,253.25707963
22.08.2030,148.97210399,69.24876497,162.84618279,133.20764708,123.87173635,229.84233425,68.15115008,82.30144703,13.04122719,310.43361408,253.25968297
23.08.2030,149.93549353,81.06720143,162.24980301,134.43717075,124.51477037,229.94907091,68.20246096,82.33191577,13.02303029,310.41221032,253.25695633
24.08.2030,150.89934971,92.98261610,161.57143839,135.66730875,125.15723325,230.05819310,68.25216473,82.36165112,13.00442746,310.39096870,253.23189236
25.08.2030,151.86366974,105.07389861,160.81921092,136.89804764,125.79911791,230.16967475,68.30024273,82.39064134,12.98542148,310.36989360,253.17088398
26.08.2030,152.82844841,117.40578451,160.00353707,138.12937270,126.44041636,230.28348930,68.34667666,82.41887481,12.96601537,310.34898940,253.06620350
27.08.2030,153.79367858,130.02367051,159.13713663,139.36126847,127.08112031,230.39961023,68.39144915,82.44634063,12.94621299,310.32826102,252.91767489
28.08.2030,154.75935185,142.94931867,158.23491435,140.59371958,127.72122205,230.51801167,68.43454472,82.47302946,12.92601982,310.30771478,252.73317069
29.08.2030,155.72545959,156.17868919,157.31370152,141.82671173,128.36071548,230.63866913,68.47595067,82.49893436,12.90544382,310.28735910,252.52765881
30.08.2030,156.69199380,169.68323649,156.39185869,143.06023255,128.99959696,230.76155989,68.51565774,82.52405142,12.88449592,310.26720504,252.32073267
31.08.2030,157.65894769,183.41538803,155.48875768,144.29427185,129.63786556,230.88666273,68.55366002,82.54837954,12.86318982,310.24726603,252.13289969

September,,,,,,,,,,,
01.09.2030,158.62631565,197.31754414,154.62417675,145.52882123,130.27552250,231.01395682,68.58995394,82.57191949,12.84154085,310.22755676,251.98131216
02.09.2030,159.59409274,211.33240030,153.81765566,146.76387297,130.91256991,231.14342010,68.62453659,82.59467213,12.81956421,310.20809139,251.87592728
03.09.2030,160.56227412,225.41158081,153.08786248,147.99941887,131.54900947,231.27502765,68.65740382,82.61663662,12.79727310,310.18888166,251.81708347
04.09.2030,161.53085481,239.52005533,152.45202159,149.23544942,132.18484137,231.40875060,68.68854889,82.63780911,12.77467731,310.16993560,251.79516643
05.09.2030,162.49983017,253.63534024,151.92544215,150.47195374,132.82006411,231.54455612,68.71796193,82.65818227,12.75178281,310.15125711,251.79257589
06.09.2030,163.46919712,267.74225065,151.52117092,151.70892055,133.45467513,231.68240840,68.74563054,82.67774601,12.72859245,310.13284675,251.78753254
07.09.2030,164.43895592,281.82527767,151.24977684,152.94633941,134.08867225,231.82227063,68.77154118,82.69648900,12.70510753,310.11470331,251.75883799
08.09.2030,165.40911191,295.86124366,151.11925934,154.18420276,134.72205529,231.96410719,68.79568107,82.71440057,12.68132976,310.09682591,251.69047376
09.09.2030,166.37967682,309.81478690,151.13506201,155.42250724,135.35482745,232.10788576,68.81803985,82.73147252,12.65726312,310.07921585,251.57498025
10.09.2030,167.35066902,323.63843857,151.30016736,156.66125416,135.98699588,232.25357855,68.83861057,82.74770015,12.63291502,310.06187781,251.41484712
11.09.2030,168.32211252,337.27767207,151.61524854,157.90044902,136.61857117,232.40116240,68.85738975,82.76308230,12.60829639,310.04482000,251.22167266
12.09.2030,169.29403476,350.67960859,152.07885695,159.14009982,137.24956588,232.55061780,68.87437639,82.77762040,12.58342079,310.02805321,251.01342148
13.09.2030,170.26646392,3.80280267,152.68763081,160.38021495,137.87999255,232.70192721,68.88957054,82.79131693,12.55830293,310.01158940,250.81051839
14.09.2030,171.23942641,16.62533401,153.43651536,161.62080120,138.50986185,232.85507333,68.90297178,82.80417387,12.53295718,309.99544007,250.63174525
15.09.2030,172.21294503,29.14938153,154.31899056,162.86186232,139.13918136,233.01003777,68.91457828,82.81619166,12.50739648,309.97961525,250.49082401
16.09.2030,173.18703819,41.40191184,155.32730501,164.10339855,139.76795511,233.16680042,68.92438648,82.82736881,12.48163195,309.96412299,250.39424898
17.09.2030,174.16171984,53.43229295,156.45271593,165.34540667,140.39618378,233.32533938,68.93239125,82.83770201,12.45567297,309.94896943,250.34056496
18.09.2030,175.13699992,65.30808562,157.68573423,166.58788049,141.02386515,233.48563121,68.93858641,82.84718652,12.42952754,309.93415919,250.32100436
19.09.2030,176.11288487,77.11008436,159.01637192,167.83081142,141.65099467,233.64765126,68.94296518,82.85581667,12.40320274,309.91969570,250.32122639
20.09.2030,177.08937818,88.92717660,160.43438645,169.07418896,142.27756593,233.81137405,68.94552066,82.86358623,12.37670507,309.90558166,250.32382296
21.09.2030,178.06648074,100.85107474,161.92951418,170.31800108,142.90357106,233.97677356,68.94624621,82.87048881,12.35004088,309.89181933,250.31123543
22.09.2030,179.04419112,112.97062927,163.49168511,171.56223456,143.52900106,234.14382354,68.94513590,82.87651824,12.32321662,309.87841090,250.26872284
23.09.2030,180.02250573,125.36533919,165.11121031,172.80687523,144.15384612,234.31249783,68.94218486,82.88166894,12.29623931,309.86535885,250.18700045
24.09.2030,181.00141906,138.09791173,166.77893560,174.05190842,144.77809616,234.48277084,68.93739002,82.88593649,12.26911703,309.85266646,250.06412711
25.09.2030,181.98092403,151.20634304,168.48635810,175.29731946,145.40174152,234.65461811,68.93075084,82.88931846,12.24185972,309.84033858,249.90621586
26.09.2030,182.96101258,164.69692574,170.22570446,176.54309445,146.02477393,234.82801700,68.92227034,82.89181519,12.21447993,309.82838239,249.72664952
27.09.2030,183.94167600,178.54048122,171.98997293,177.78922063,146.64718715,235.00294690,68.91195555,82.89343029,12.18699324,309.81680769,249.54373248
28.09.2030,184.92290493,192.67426875,173.77294294,179.03568621,147.26897699,235.17938864,68.89981717,82.89417018,12.15941769,309.80562643,249.37706826
29.09.2030,185.90468863,207.01073894,175.56915787,180.28247932,147.89014029,235.35732278,68.88586805,82.89404249,12.13177212,309.79485094,249.24335099
30.09.2030,186.88701415,221.45170642,177.37388747,181.52958651,148.51067342,235.53672745,68.87012083,82.89305385,12.10407379,309.78449162,249.15258042

October,,,,,,,,,,,
01.10.2030,187.86986596,235.90394725,179.18307690,182.77699165,149.13057084,235.71757651,68.85258585,82.89120772,12.07633626,309.77455483,249.10573026
02.10.2030,188.85322680,250.29146137,180.99328840,184.02467595,149.74982477,235.89983904,68.83327010,82.88850359,12.04856846,309.76504201,249.09450070
03.10.2030,189.83707967,264.56123916,182.80164039,185.27261937,150.36842619,236.08348051,68.81217784,82.88493769,12.02077545,309.75595058,249.10326015
04.10.2030,190.82141068,278.68220349,184.60574700,186.52080305,150.98636668,236.26846520,68.78931243,82.88050488,11.99296043,309.74727595,249.11267346
05.10.2030,191.80621151,292.63932614,186.40365965,187.76921160,151.60364052,236.45475875,68.76467844,82.87520101,11.96512709,309.73901397,249.10402668
06.10.2030,192.79148098,306.42586006,188.19381153,189.01783478,152.22024598,236.64233018,68.73828335,82.86902458,11.93728143,309.73116279,249.06328655
07.10.2030,193.77722530,320.03635752,189.97496565,190.26666789,152.83618563,236.83115281,68.71013826,82.86197752,11.90943256,309.72372368,248.98381896
08.10.2030,194.76345721,333.46226404,191.74616713,191.51571131,153.45146567,237.02120413,68.68025770,82.85406504,11.88159268,309.71670105,248.86741556
09.10.2030,195.75019441,346.69084119,193.50670004,192.76496921,154.06609474,237.21246498,68.64865890,82.84529486,11.85377631,309.71010164,248.72341278
10.10.2030,196.73745755,359.70719981,195.25604925,194.01444801,154.68008229,237.40491842,68.61536069,82.83567604,11.82599922,309.70393347,248.56631392
11.10.2030,197.72526813,12.49846958,196.99386908,195.26415465,155.29343701,237.59854827,68.58038230,82.82521781,11.79827723,309.69820464,248.41263090
12.10.2030,198.71364656,25.05874192,198.71996171,196.51409509,155.90616539,237.79333793,68.54374239,82.81392846,11.77062514,309.69292218,248.27768163
13.10.2030,199.70261081,37.39347118,200.43421709,197.76427327,156.51827083,237.98926948,68.50545838,82.80181464,11.74305604,309.68809139,248.17296157
14.10.2030,200.69217556,49.52245319,202.13660396,199.01469059,157.12975330,238.18632331,68.46554638,82.78888121,11.71558111,309.68371557,248.10448074
15.10.2030,201.68235210,61.48106202,203.82720516,200.26534607,157.74060953,238.38447818,68.42402151,82.77513151,11.68820984,309.67979625,248.07218455
16.10.2030,202.67314856,73.31989079,205.50615205,201.51623670,158.35083348,238.58371156,68.38089837,82.76056774,11.66095047,309.67633358,248.07036589
17.10.2030,203.66457022,85.10315888,207.17361875,202.76735803,158.96041686,238.78400001,68.33619162,82.74519156,11.63381046,309.67332679,248.08887311
18.10.2030,204.65661999,96.90621116,208.82981596,204.01870472,159.56934962,238.98531955,68.28991642,82.72900444,11.60679686,309.67077459,248.11489108
19.10.2030,205.64929874,108.81222819,210.47498266,205.27027084,160.17762039,239.18764600,68.24208896,82.71200820,11.57991679,309.66867559,248.13506054
20.10.2030,206.64260567,120.90800658,212.10937853,206.52204941,160.78521687,239.39095541,68.19272681,82.69420536,11.55317784,309.66702872,248.13767917
21.10.2030,207.63653847,133.27845816,213.73327745,207.77403130,161.39212615,239.59522433,68.14184948,82.67559958,11.52658842,309.66583356,248.11469864
22.10.2030,208.63109339,145.99944127,215.34696170,209.02620534,161.99833510,239.80043020,68.08947881,82.65619612,11.50015822,309.66509081,248.06320611
23.10.2030,209.62626532,159.12882998,216.95071702,210.27856140,162.60383079,240.00655179,68.03563969,82.63600243,11.47389879,309.66480284,247.98607448
24.10.2030,210.62204785,172.69649394,218.54482815,211.53109245,163.20860116,240.21356967,67.98036077,82.61502883,11.44782415,309.66497424,247.89153374
25.10.2030,211.61843295,186.69507390,220.12957445,212.78379350,163.81263538,240.42146625,67.92367479,82.59328878,11.42195097,309.66561206,247.79160495
26.10.2030,212.61541007,201.07464501,221.70522492,214.03665922,164.41592351,240.63022488,67.86561798,82.57079818,11.39629782,309.66672493,247.69961671
27.10.2030,213.61296452,215.74459982,223.27203262,215.28968167,165.01845523,240.83982780,67.80622805,82.54757340,11.37088309,309.66832104,247.62728961
28.10.2030,214.61107592,230.58439217,224.83022892,216.54284823,165.62021811,241.05025351,67.74554157,82.52362868,11.34572224,309.67040540,247.58207540
29.10.2030,215.60971805,245.46135306,226.38001892,217.79614070,166.22119654,241.26147497,67.68359165,82.49897397,11.32082562,309.67297771,247.56549988
30.10.2030,216.60886083,260.25050946,227.92157905,219.04953644,166.82137236,241.47345981,67.62040753,82.47361472,11.29619824,309.67603220,247.57297706
31.10.2030,217.60847425,274.85050147,229.45505667,220.30301144,167.42072719,241.68617267,67.55601618,82.44755362,11.27184162,309.67955958,247.59509663

November,,,,,,,,,,,
01.11.2030,218.60853292,289.19183618,230.98057036,221.55654433,168.01924547,241.89957876,67.49044512,82.42079372,11.24775693,309.68355026,247.62010666
02.11.2030,219.60901937,303.23716797,232.49820912,222.81011942,168.61691677,242.11364686,67.42372493,82.39334098,11.22394776,309.68799722,247.63668189
03.11.2030,220.60992519,316.97589585,234.00802917,224.06372800,169.21373644,242.32835078,67.35589043,82.36520553,11.20042145,309.69289731,247.63642289
04.11.2030,221.61125008,330.41619883,235.51004848,225.31736769,169.80970454,242.54366897,67.28698024,82.33640129,11.17718877,309.69825099,247.61538760
05.11.2030,222.61299988,343.57712479,237.00423948,226.57104080,170.40482408,242.75958327,67.21703561,82.30694472,11.15426279,309.70406117,247.57447599
06.11.2030,223.61518440,356.48232315,238.49052105,227.82475256,170.99909912,242.97607743,67.14609906,82.27685345,11.13165752,309.71033184,247.51869331
07.11.2030,224.61781562,9.15606881,239.96874980,229.07850966,171.59253333,243.19313596,67.07421340,82.24614525,11.10938692,309.71706703,247.45566519
08.11.2030,225.62090622,21.62156782,241.43871073,230.33231911,172.18512885,243.41074313,67.00142094,82.21483722,11.08746404,309.72426998,247.39385547
09.11.2030,226.62446834,33.90114309,242.90010684,231.58618722,172.77688536,243.62888224,66.92776291,82.18294514,11.06590045,309.73194253,247.34089315
10.11.2030,227.62851259,46.01772266,244.35254769,232.84011898,173.36779952,243.84753509,66.85327912,82.15048313,11.04470580,309.74008465,247.30231341
11.11.2030,228.63304764,57.99700793,245.79553666,234.09411772,173.95786474,244.06668182,66.77800800,82.11746360,11.02388788,309.74869445,247.28086747
12.11.2030,229.63808006,69.86976644,247.22845680,235.34818530,174.54707144,244.28630120,66.70198703,82.08389770,11.00345291,309.75776851,247.27640417
13.11.2030,230.64361452,81.67381341,248.65055469,236.60232234,175.13540748,244.50637094,66.62525325,82.04979575,10.98340606,309.76730237,247.28622523
14.11.2030,231.64965394,93.45538637,250.06092176,237.85652859,175.72285861,244.72686817,66.54784377,82.01516781,10.96375191,309.77729093,247.30578165
15.11.2030,232.65619976,105.26972417,251.45847274,239.11080319,176.30940880,244.94776968,66.46979621,81.98002401,10.94449486,309.78772890,247.32957794
16.11.2030,233.66325219,117.18069687,252.84192089,240.36514507,176.89504079,245.16905238,66.39114922,81.94437514,10.92563956,309.79861122,247.35215121
17.11.2030,234.67081059,129.25930556,254.20974947,241.61955336,177.47973646,245.39069373,66.31194290,81.90823304,10.90719143,309.80993351,247.36898520
18.11.2030,235.67887364,141.58076789,255.56017867,242.87402768,178.06347722,245.61267207,66.23221930,81.87161112,10.88915704,309.82169254,247.37722151
19.11.2030,236.68743940,154.21981177,256.89112761,244.12856829,178.64624420,245.83496689,66.15202274,81.83452462,10.87154443,309.83388647,247.37605139
20.11.2030,237.69650506,167.24379699,258.20017055,245.38317611,179.22801844,246.05755900,66.07140015,81.79699096,10.85436341,309.84651515,247.36670846
21.11.2030,238.70606664,180.70355147,259.48448684,246.63785264,179.80878108,246.28043068,65.99040139,81.75903007,10.83762584,309.85958039,247.35203714
22.11.2030,239.71611816,194.62252483,260.74080371,247.89259943,180.38851335,246.50356557,65.90907937,81.72066439,10.82134556,309.87308589,247.33570264
23.11.2030,240.72665002,208.98608154,261.96533088,249.14741661,180.96719591,246.72694749,65.82748906,81.68191797,10.80553746,309.88703621,247.32122692
24.11.2030,241.73764643,223.73415079,263.15368693,250.40230042,181.54480733,246.95055830,65.74568547,81.64281434,10.79021524,309.90143462,247.31110976
25.11.2030,242.74908311,238.76111339,264.30081865,251.65724049,182.12132241,247.17437528,65.66372079,81.60337391,10.77538867,309.91628033,247.30627881
26.11.2030,243.76092674,253.92561699,265.40091623,252.91221858,182.69671169,247.39836974,65.58164248,81.56361210,10.76106173,309.93156670,247.30603984
27.11.2030,244.77313762,269.06964250,266.44732816,254.16721009,183.27094314,247.62250808,65.49949334,81.52353971,10.74723301,309.94728170,247.30853911
28.11.2030,245.78567502,284.04206319,267.43247959,255.42218826,183.84398580,247.84675584,65.41731389,81.48316558,10.73389841,309.96341075,247.31157891
29.11.2030,246.79850319,298.71974263,268.34779843,256.67712929,184.41581370,248.07108323,65.33514580,81.44250021,10.72105496,309.97994059,247.31346533
30.11.2030,247.81159565,313.02048031,269.18365630,257.93201607,184.98640828,248.29544989,65.25303437,81.40155842,10.70870362,309.99686219,247.31358336

December,,,,,,,,,,,
01.12.2030,248.82493619,326.90589397,269.92933647,259.18683924,185.55575818,248.51964368,65.17102908,81.36035988,10.69684995,310.01417142,247.31255747
02.12.2030,249.83851729,340.37609950,270.57304869,260.44159580,186.12385692,248.74400399,65.08918220,81.31892773,10.68550288,310.03186776,247.31190410
03.12.2030,250.85233718,353.45990713,271.10201912,261.69628670,186.69070007,248.96837312,65.00754679,81.27728652,10.67467262,310.04995227,247.31340085
04.12.2030,251.86639739,6.20407542,271.50269140,262.95091479,187.25628288,249.19269774,64.92617510,81.23546055,10.66436908,310.06842593,247.31838291
05.12.2030,252.88070104,18.66393116,271.76108201,264.20548350,187.82059905,249.41696690,64.84511777,81.19347300,10.65460100,310.08728873,247.32717758
06.12.2030,253.89525188,30.89636499,271.86333732,265.45999614,188.38363996,249.64116612,64.76442357,81.15134559,10.64537560,310.10653929,247.33882952
07.12.2030,254.91005354,42.95533975,271.79653842,266.71445544,188.94539431,249.86527815,64.68413915,81.10909840,10.63669835,310.12617466,247.35116551
08.12.2030,255.92510901,54.88961850,271.54978594,267.96886317,189.50584772,250.08928357,64.60430898,81.06674971,10.62857286,310.14619015,247.36116202
09.12.2030,256.94042045,66.74228435,271.11556403,269.22322012,190.06498277,250.31316115,64.52497553,81.02431617,10.62100100,310.16657941,247.36552853
10.12.2030,257.95598925,78.55161453,270.49132277,270.47752633,190.62277919,250.53688837,64.44617970,80.98181322,10.61398334,310.18733492,247.36139359
11.12.2030,258.97181626,90.35289111,269.68113168,271.73178146,191.17921428,250.76044191,64.36796138,80.93925562,10.60751965,310.20844844,247.34697282
12.12.2030,259.98790195,102.18074977,268.69715581,272.98598512,191.73426324,250.98379804,64.29035993,80.89665797,10.60160940,310.22991147,247.32210325
13.12.2030,261.00424651,114.07165628,267.56061941,274.24013706,192.28789945,251.20693301,64.21341466,80.85403510,10.59625216,310.25171569,247.28853878
14.12.2030,262.02085002,126.06610511,266.30189878,275.49423754,192.84009484,251.42982341,64.13716528,80.81140256,10.59144804,310.27385335,247.24991409
15.12.2030,263.03771269,138.21012397,264.95947209,276.74828765,193.39082033,251.65244665,64.06165244,80.76877715,10.58719825,310.29631783,247.21131206
16.12.2030,264.05483504,150.55566228,263.57766756,278.00228960,193.94004615,251.87478129,63.98691817,80.72617735,10.58350544,310.31910399,247.17843103
17.12.2030,265.07221766,163.15942193,262.20345154,279.25624673,194.48774189,252.09680715,63.91300610,80.68362350,10.58037394,310.34220837,247.15644382
18.12.2030,266.08986086,176.07966594,260.88276955,280.51016322,195.03387636,252.31850519,63.83996142,80.64113782,10.57780971,310.36562912,247.14874570
19.12.2030,267.10776389,189.37056299,259.65709627,281.76404366,195.57841740,252.53985729,63.76783083,80.59874429,10.57582019,310.38936590,247.15586834
20.12.2030,268.12592386,203.07382638,258.56077637,283.01789221,196.12133142,252.76084572,63.69666218,80.55646828,10.57441391,310.41341939,247.17486902
21.12.2030,269.14433377,217.20797175,257.61950108,284.27171086,196.66258248,252.98145191,63.62650337,80.51433549,10.57359935,310.43779020,247.19947068
22.12.2030,270.16297969,231.75663105,256.84996298,285.52549688,197.20213078,253.20165438,63.55740035,80.47236998,10.57338290,310.46247679,247.22109019
23.12.2030,271.18183806,246.65894832,256.26048361,286.77923994,197.73993133,253.42142652,63.48939479,80.43059189,10.57376652,310.48747322,247.23065473
24.12.2030,272.20087485,261.80645558,255.85227918,288.03292084,198.27593413,253.64073559,63.42252271,80.38901626,10.57474660,310.51276793,247.22085595
25.12.2030,273.22004790,277.05058282,255.62101978,289.28651290,198.81008675,253.85954419,63.35681522,80.34765402,10.57631486,310.53834484,247.18823632
26.12.2030,274.23931234,292.22189815,255.55840477,290.53998617,199.34233884,254.07781390,63.29230133,80.30651498,10.57846156,310.56418660,247.13443499
27.12.2030,275.25862699,307.15687828,255.65357364,291.79331266,199.87264666,254.29550960,63.22901140,80.26561152,10.58117929,310.59027849,247.06613992
28.12.2030,276.27795915,321.72377250,255.89426259,293.04647024,200.40097532,254.51260227,63.16697935,80.22496087,10.58446545,310.61661092,246.99360031
29.12.2030,277.29728602,335.83934333,256.26768624,294.29944367,200.92729800,254.72906916,63.10624253,80.18458498,10.58832227,310.64317952,246.92820839
30.12.2030,278.31659312,349.47295868,256.76116656,295.55222322,201.45159278,254.94489168,63.04683979,80.14450850,10.59275488,310.66998314,246.87978848
31.12.2030,279.33587144,2.64004984,257.36255201,296.80480214,201.97383896,255.16005275,62.98880904,80.10475624,10.59776885,310.69702140,246.85434472

2031,,,,,,,,,,,
